sample,elapsed_ms,promote_total,demote_total,candidate_total,over_high_total,hint_faults_total,promote_delta,demote_delta,candidate_delta,over_high_delta,hint_faults_delta,anon_n0_gib,anon_n1_gib,node0_usage_exact_pages,node0_over_high
0,58,0,1666314,0,0,237631,0,0,0,0,0,15.25,48.75,3997717,0
1,10098,529752,2228939,1237830,708078,8441587,529752,562625,1237830,708078,8203956,15.12,48.88,3964871,0
2,20133,867300,2420939,2134788,1267709,10822441,337548,192000,896958,559631,2380854,15.68,48.32,4110419,1
3,30160,1308644,2862283,3411573,2103099,14680539,441344,441344,1276785,835390,3858098,15.68,48.32,4110395,0
4,40204,1444173,3181899,3948563,2504368,16391889,135529,319616,536990,401269,1711350,14.98,49.02,3926337,0
5,50236,1813219,3386443,4615776,2802536,18282694,369046,204544,667213,298168,1890805,15.61,48.40,4090834,0
6,60269,2238504,3842763,5430421,3192042,20290716,425285,456320,814645,389506,2008022,15.49,48.51,4059855,0
7,70299,2709410,4311243,6389121,3679687,22617042,470906,468480,958700,487645,2326326,15.50,48.50,4062225,0
8,80328,2912172,4755595,6731501,3819305,23483133,202762,444352,342380,139618,866091,14.57,49.43,3820635,0
9,90363,2912172,4755595,6731501,3819305,23483133,0,0,0,0,0,14.57,49.43,3820635,0
10,100385,3377204,4946891,7486846,4109616,25014487,465032,191296,755345,290311,1531354,15.62,48.38,4094371,0
11,110414,3709347,5336075,8487402,4778021,26587910,332143,389184,1000556,668405,1573423,15.40,48.60,4037330,0
12,120439,4121959,5675599,9976700,5854811,28346151,412612,339524,1489298,1076790,1758241,15.68,48.32,4110418,1
13,130458,4122285,5677319,10709871,6587552,29080640,326,1720,733171,732741,734489,15.67,48.33,4109024,0
14,140478,4122290,5677891,10709876,6587552,29080645,5,572,5,0,5,15.67,48.33,4108457,0
15,150496,4125934,5680050,11729938,7603936,30101078,3644,2159,1020062,1016384,1020433,15.68,48.32,4109942,0
16,160516,4127461,5681154,13312762,9185180,31684052,1527,1104,1582824,1581244,1582974,15.68,48.32,4110365,1
17,170540,4128886,5682527,14892693,10763958,33264276,1425,1373,1579931,1578778,1580224,15.68,48.32,4110417,1
18,180569,4128896,5682812,14992892,10863875,33364327,10,285,100199,99917,100051,15.68,48.32,4110142,0
19,190591,4129984,5683972,16010414,11880309,34381960,1088,1160,1017522,1016434,1017633,15.68,48.32,4110070,0
20,200616,4131981,5685622,17592945,13460763,35964691,1997,1650,1582531,1580454,1582731,15.68,48.32,4110417,1
21,210648,4132903,5686832,18629144,14496025,37000984,922,1210,1036199,1035262,1036293,15.68,48.32,4110129,1
22,220670,4133408,5688044,19273672,15140044,37645567,505,1212,644528,644019,644583,15.68,48.32,4109422,0
23,230693,4135060,5689104,20291063,16155736,38663125,1652,1060,1017391,1015692,1017558,15.68,48.32,4110014,0
24,240713,4136985,5690717,21499740,17362473,39871992,1925,1613,1208677,1206737,1208867,15.68,48.32,4110326,1
25,250743,4138246,5691887,22761055,18622581,41133491,1261,1170,1261315,1260108,1261499,15.68,48.32,4110417,1
26,260765,4139050,5693319,23555502,19416065,41927964,804,1432,794447,793484,794473,15.68,48.32,4109789,0
27,270786,4140601,5694242,24572559,20431571,42945179,1551,923,1017057,1015506,1017215,15.68,48.32,4110417,1
28,280811,4141389,5695338,25779845,21638006,44152543,788,1096,1207286,1206435,1207364,15.68,48.32,4110109,1
29,290834,4142002,5695643,27190998,23048502,45563759,613,305,1411153,1410496,1411216,15.68,48.32,4110417,1
30,300854,4142278,5696409,27836134,23693338,46208922,276,766,645136,644836,645163,15.68,48.32,4109927,0
31,310877,4143511,5697386,28852482,24708438,47225406,1233,977,1016348,1015100,1016484,15.68,48.32,4110183,0
32,320899,4144534,5698180,30059443,25914334,48432467,1023,794,1206961,1205896,1207061,15.68,48.32,4110412,1
33,330917,4145237,5698878,31471374,27325670,49844635,703,698,1411931,1411336,1412168,15.68,48.32,4110417,1
34,340941,4145732,5699891,32116807,27970424,50489951,495,1013,645433,644754,645316,15.68,48.32,4109899,0
35,350963,4146825,5700515,33132419,28984873,51505679,1093,624,1015612,1014449,1015728,15.68,48.32,4110368,1
36,360981,4147584,5701264,34338947,30190608,52712277,759,749,1206528,1205735,1206598,15.68,48.32,4110378,1
37,371003,4148487,5702128,35751731,31602488,54125151,903,864,1412784,1411880,1412874,15.68,48.32,4110417,1
38,381023,4148771,5703037,36397053,32247526,54770503,284,909,645322,645038,645352,15.68,48.32,4109792,0
39,391042,4149859,5703818,37412191,33261555,55785757,1088,781,1015138,1014029,1015254,15.68,48.32,4110099,1
40,401062,4150724,5704383,38618574,34467057,56992230,865,565,1206383,1205502,1206473,15.68,48.32,4110399,1
41,411083,4151243,5704882,40031785,35879727,58405491,519,499,1413211,1412670,1413261,15.68,48.32,4110419,1
42,421110,4151573,5705621,40677364,36524946,59051100,330,739,645579,645219,645609,15.68,48.32,4110010,0
43,431148,4152308,5706083,41691824,37538634,60065645,735,462,1014460,1013688,1014545,15.68,48.32,4110283,1
44,441172,4152851,5706493,42897706,38743957,61271578,543,410,1205882,1205323,1205933,15.68,48.32,4110416,1
45,451196,4153170,5706846,44311284,40157151,62685186,319,353,1413578,1413194,1413608,15.68,48.32,4110382,1
46,461218,4153222,5706964,44956818,40802631,63330730,52,118,645534,645480,645544,15.68,48.32,4110316,1
47,471244,4154226,5707966,45970665,41815453,64344683,1004,1002,1013847,1012822,1013953,15.68,48.32,4110318,1
48,481268,4154901,5708781,47176349,43020432,65550429,675,815,1205684,1204979,1205746,15.68,48.32,4110178,1
49,491294,4155672,5709312,48591113,44434391,66965271,771,531,1414764,1413959,1414842,15.68,48.32,4110418,1
50,501324,4155972,5710180,49237040,45079998,67611228,300,868,645927,645607,645957,15.68,48.32,4109850,0
51,511346,4156754,5710454,50250447,46092566,68624721,782,274,1013407,1012568,1013493,15.68,48.32,4110358,1
52,521367,4157482,5711123,51610066,47451587,69984477,728,669,1359619,1359021,1359756,15.68,48.32,4110417,1
53,531389,4158203,5711849,52870778,48711416,71245196,721,726,1260712,1259829,1260719,15.68,48.32,4110412,1
54,541410,4158357,5713048,53516804,49357266,71891238,154,1199,646026,645850,646042,15.68,48.32,4109367,0
55,551432,4160077,5714537,54529893,50368635,72904503,1720,1489,1013089,1011369,1013265,15.68,48.32,4109598,1
56,561455,4161460,5715129,55735019,51572351,74109769,1383,592,1205126,1203716,1205266,15.68,48.32,4110389,1
57,571475,4162025,5715666,57151748,52988507,75526558,565,537,1416729,1416156,1416789,15.68,48.32,4110417,1
58,581498,4162035,5716347,57798332,53635081,76173142,10,681,646584,646574,646584,15.68,48.32,4109746,0
59,591522,4162980,5716681,58809941,54645745,77184847,945,334,1011609,1010664,1011705,15.68,48.32,4110357,1
60,601545,4163846,5717487,60201064,56036187,78576176,866,806,1391123,1390442,1391329,15.68,48.32,4110417,1
61,611563,4164858,5718498,61431496,57265364,79806592,1012,1011,1230432,1229177,1230416,15.68,48.32,4110418,1
62,621620,4165162,5731156,62078509,57912073,80453645,304,12658,647013,646709,647053,9.82,42.04,2576663,0
63,631684,4165175,5731156,62078509,57912073,80453658,13,0,0,0,13,0.00,0.00,57,0
