placement,placement_label,candidate,policy,bucket_s,actual_start_ms,actual_end_ms,ops_delta,mops_s
remote,0G local / 32G remote,stream_read_32g_remote_4kstride,off,000-010,0,10000,651165696,65.1165696
remote,0G local / 32G remote,stream_read_32g_remote_4kstride,off,010-020,10000,20000,649592832,64.9592832
remote,0G local / 32G remote,stream_read_32g_remote_4kstride,off,020-030,20000,30000,651427840,65.142784
remote,0G local / 32G remote,stream_read_32g_remote_4kstride,off,030-040,30000,40000,650641408,65.0641408
remote,0G local / 32G remote,stream_read_32g_remote_4kstride,off,040-050,40000,50000,650379264,65.0379264
remote,0G local / 32G remote,stream_read_32g_remote_4kstride,off,050-060,50000,60000,650641408,65.0641408
remote,0G local / 32G remote,stream_read_32g_remote_4kstride,off,060-070,60000,70000,650641408,65.0641408
remote,0G local / 32G remote,stream_read_32g_remote_4kstride,off,070-080,70000,80000,651427840,65.142784
remote,0G local / 32G remote,stream_read_32g_remote_4kstride,off,080-090,80000,90001,650641408,65.05763503649635
remote,0G local / 32G remote,stream_read_32g_remote_4kstride,off,090-100,90001,100001,650903552,65.0903552
remote,0G local / 32G remote,stream_read_32g_remote_4kstride,off,100-110,100001,110000,650641408,65.07064786478648
remote,0G local / 32G remote,stream_read_32g_remote_4kstride,off,110-120,110000,120000,649330688,64.9330688
remote,0G local / 32G remote,stream_read_32g_remote_4kstride,off,120-130,120000,130000,650641408,65.0641408
remote,0G local / 32G remote,stream_read_32g_remote_4kstride,off,130-140,130000,140000,650903552,65.0903552
remote,0G local / 32G remote,stream_read_32g_remote_4kstride,off,140-150,140000,150000,649854976,64.9854976
remote,0G local / 32G remote,stream_read_32g_remote_4kstride,off,150-160,150000,160000,649068544,64.9068544
remote,0G local / 32G remote,stream_read_32g_remote_4kstride,off,160-170,160000,170000,650379264,65.0379264
remote,0G local / 32G remote,stream_read_32g_remote_4kstride,off,170-180,170000,180000,648544256,64.8544256
remote,0G local / 32G remote,stream_read_32g_remote_4kstride,off,180-190,180000,190000,650117120,65.011712
remote,0G local / 32G remote,stream_read_32g_remote_4kstride,off,190-200,190000,200000,648544256,64.8544256
remote,0G local / 32G remote,stream_read_32g_remote_4kstride,on,000-010,0,10000,2899836928,289.98369280000003
remote,0G local / 32G remote,stream_read_32g_remote_4kstride,on,010-020,10000,20000,2253914112,225.3914112
remote,0G local / 32G remote,stream_read_32g_remote_4kstride,on,020-030,20000,30000,1985216512,198.52165119999998
remote,0G local / 32G remote,stream_read_32g_remote_4kstride,on,030-040,30000,40000,1993867264,199.38672640000001
remote,0G local / 32G remote,stream_read_32g_remote_4kstride,on,040-050,40000,50000,1974206464,197.4206464
remote,0G local / 32G remote,stream_read_32g_remote_4kstride,on,050-060,50000,60000,1989410816,198.9410816
remote,0G local / 32G remote,stream_read_32g_remote_4kstride,on,060-070,60000,70000,1976303616,197.6303616
remote,0G local / 32G remote,stream_read_32g_remote_4kstride,on,070-080,70000,80000,1974468608,197.44686080000002
remote,0G local / 32G remote,stream_read_32g_remote_4kstride,on,080-090,80000,90000,2001469440,200.146944
remote,0G local / 32G remote,stream_read_32g_remote_4kstride,on,090-100,90000,100000,2947284992,294.7284992
remote,0G local / 32G remote,stream_read_32g_remote_4kstride,on,100-110,100000,110000,2662858752,266.28587519999996
remote,0G local / 32G remote,stream_read_32g_remote_4kstride,on,110-120,110000,120000,2340421632,234.04216319999998
remote,0G local / 32G remote,stream_read_32g_remote_4kstride,on,120-130,120000,130000,2045771776,204.5771776
remote,0G local / 32G remote,stream_read_32g_remote_4kstride,on,130-140,130000,140000,1694236672,169.42366719999998
remote,0G local / 32G remote,stream_read_32g_remote_4kstride,on,140-150,140000,150000,1704460288,170.44602880000002
remote,0G local / 32G remote,stream_read_32g_remote_4kstride,on,150-160,150000,160000,1887961088,188.7961088
remote,0G local / 32G remote,stream_read_32g_remote_4kstride,on,160-170,160000,170000,2146959360,214.695936
remote,0G local / 32G remote,stream_read_32g_remote_4kstride,on,170-180,170000,180000,2137522176,213.7522176
remote,0G local / 32G remote,stream_read_32g_remote_4kstride,on,180-190,180000,190000,2142240768,214.2240768
remote,0G local / 32G remote,stream_read_32g_remote_4kstride,on,190-200,190000,200000,2146435072,214.6435072
split8,8G local / 24G remote,stream_read_32g_split8_4kstride,off,000-010,0,10000,2805202944,280.52029439999995
split8,8G local / 24G remote,stream_read_32g_split8_4kstride,off,010-020,10000,20000,2810445824,281.04458239999997
split8,8G local / 24G remote,stream_read_32g_split8_4kstride,off,020-030,20000,30000,2811756544,281.1756544
split8,8G local / 24G remote,stream_read_32g_split8_4kstride,off,030-040,30000,40000,2816212992,281.6212992
split8,8G local / 24G remote,stream_read_32g_split8_4kstride,off,040-050,40000,50000,2803367936,280.3367936
split8,8G local / 24G remote,stream_read_32g_split8_4kstride,off,050-060,50000,60000,2810970112,281.0970112
split8,8G local / 24G remote,stream_read_32g_split8_4kstride,off,060-070,60000,70000,2810183680,281.018368
split8,8G local / 24G remote,stream_read_32g_split8_4kstride,off,070-080,70000,80000,2808348672,280.83486719999996
split8,8G local / 24G remote,stream_read_32g_split8_4kstride,off,080-090,80000,90000,2796290048,279.6290048
split8,8G local / 24G remote,stream_read_32g_split8_4kstride,off,090-100,90000,100000,2807824384,280.7824384
split8,8G local / 24G remote,stream_read_32g_split8_4kstride,off,100-110,100000,110000,2806775808,280.6775808
split8,8G local / 24G remote,stream_read_32g_split8_4kstride,off,110-120,110000,120000,2794717184,279.4717184
split8,8G local / 24G remote,stream_read_32g_split8_4kstride,off,120-130,120000,130000,2810183680,281.018368
split8,8G local / 24G remote,stream_read_32g_split8_4kstride,off,130-140,130000,140000,2809921536,280.99215360000005
split8,8G local / 24G remote,stream_read_32g_split8_4kstride,off,140-150,140000,150000,2809659392,280.9659392
split8,8G local / 24G remote,stream_read_32g_split8_4kstride,off,150-160,150000,160000,2814640128,281.46401280000003
split8,8G local / 24G remote,stream_read_32g_split8_4kstride,off,160-170,160000,170000,2805989376,280.5989376
split8,8G local / 24G remote,stream_read_32g_split8_4kstride,off,170-180,170000,180000,2813067264,281.3067264
split8,8G local / 24G remote,stream_read_32g_split8_4kstride,off,180-190,180000,190000,2808086528,280.8086528
split8,8G local / 24G remote,stream_read_32g_split8_4kstride,off,190-200,190000,200001,2835873792,283.55902329767025
split8,8G local / 24G remote,stream_read_32g_split8_4kstride,on,000-010,0,10000,2944663552,294.4663552
split8,8G local / 24G remote,stream_read_32g_split8_4kstride,on,010-020,10000,20001,2463629312,246.33829737026298
split8,8G local / 24G remote,stream_read_32g_split8_4kstride,on,020-030,20001,30000,2455502848,245.57484228422842
split8,8G local / 24G remote,stream_read_32g_split8_4kstride,on,030-040,30000,40000,2465202176,246.5202176
split8,8G local / 24G remote,stream_read_32g_split8_4kstride,on,040-050,40000,50000,2458910720,245.891072
split8,8G local / 24G remote,stream_read_32g_split8_4kstride,on,050-060,50000,60000,2461532160,246.153216
split8,8G local / 24G remote,stream_read_32g_split8_4kstride,on,060-070,60000,70000,2453143552,245.3143552
split8,8G local / 24G remote,stream_read_32g_split8_4kstride,on,070-080,70000,80000,2452357120,245.235712
split8,8G local / 24G remote,stream_read_32g_split8_4kstride,on,080-090,80000,90000,2888302592,288.8302592
split8,8G local / 24G remote,stream_read_32g_split8_4kstride,on,090-100,90000,100000,2465988608,246.5988608
split8,8G local / 24G remote,stream_read_32g_split8_4kstride,on,100-110,100000,110000,2515533824,251.5533824
split8,8G local / 24G remote,stream_read_32g_split8_4kstride,on,110-120,110000,120000,2425356288,242.5356288
split8,8G local / 24G remote,stream_read_32g_split8_4kstride,on,120-130,120000,130000,1648099328,164.8099328
split8,8G local / 24G remote,stream_read_32g_split8_4kstride,on,130-140,130000,140000,1833435136,183.3435136
split8,8G local / 24G remote,stream_read_32g_split8_4kstride,on,140-150,140000,150000,2077229056,207.7229056
split8,8G local / 24G remote,stream_read_32g_split8_4kstride,on,150-160,150000,160000,2078015488,207.8015488
split8,8G local / 24G remote,stream_read_32g_split8_4kstride,on,160-170,160000,170000,2078015488,207.8015488
split8,8G local / 24G remote,stream_read_32g_split8_4kstride,on,170-180,170000,180000,2078277632,207.8277632
split8,8G local / 24G remote,stream_read_32g_split8_4kstride,on,180-190,180000,190000,2076442624,207.6442624
split8,8G local / 24G remote,stream_read_32g_split8_4kstride,on,190-200,190000,200000,2080112640,208.011264
split16,16G local / 16G remote,stream_read_32g_split16_4kstride,off,000-010,0,10000,5626920960,562.692096
split16,16G local / 16G remote,stream_read_32g_split16_4kstride,off,010-020,10000,20000,5631639552,563.1639552
split16,16G local / 16G remote,stream_read_32g_split16_4kstride,off,020-030,20000,30000,5636358144,563.6358144
split16,16G local / 16G remote,stream_read_32g_split16_4kstride,off,030-040,30000,40000,5633212416,563.3212416
split16,16G local / 16G remote,stream_read_32g_split16_4kstride,off,040-050,40000,50000,5633736704,563.3736703999999
split16,16G local / 16G remote,stream_read_32g_split16_4kstride,off,050-060,50000,60000,5636096000,563.6096
split16,16G local / 16G remote,stream_read_32g_split16_4kstride,off,060-070,60000,70001,5634523136,563.3959740025997
split16,16G local / 16G remote,stream_read_32g_split16_4kstride,off,070-080,70001,80000,5629018112,562.958107010701
split16,16G local / 16G remote,stream_read_32g_split16_4kstride,off,080-090,80000,90000,5636096000,563.6096
split16,16G local / 16G remote,stream_read_32g_split16_4kstride,off,090-100,90000,100000,5628231680,562.823168
split16,16G local / 16G remote,stream_read_32g_split16_4kstride,off,100-110,100000,110000,5636620288,563.6620287999999
split16,16G local / 16G remote,stream_read_32g_split16_4kstride,off,110-120,110000,120000,5636096000,563.6096
split16,16G local / 16G remote,stream_read_32g_split16_4kstride,off,120-130,120000,130000,5631901696,563.1901696
split16,16G local / 16G remote,stream_read_32g_split16_4kstride,off,130-140,130000,140000,5638979584,563.8979584
split16,16G local / 16G remote,stream_read_32g_split16_4kstride,off,140-150,140000,150000,5629804544,562.9804544
split16,16G local / 16G remote,stream_read_32g_split16_4kstride,off,150-160,150000,160000,5626658816,562.6658816
split16,16G local / 16G remote,stream_read_32g_split16_4kstride,off,160-170,160000,170000,5638193152,563.8193152
split16,16G local / 16G remote,stream_read_32g_split16_4kstride,off,170-180,170000,180000,5639766016,563.9766016
split16,16G local / 16G remote,stream_read_32g_split16_4kstride,off,180-190,180000,190001,5635571712,563.5008211178882
split16,16G local / 16G remote,stream_read_32g_split16_4kstride,off,190-200,190001,200000,5634260992,563.4824474447445
split16,16G local / 16G remote,stream_read_32g_split16_4kstride,on,000-010,0,10000,3210739712,321.07397119999996
split16,16G local / 16G remote,stream_read_32g_split16_4kstride,on,010-020,10000,20001,1990197248,198.99982481751826
split16,16G local / 16G remote,stream_read_32g_split16_4kstride,on,020-030,20001,30000,1974730752,197.4928244824482
split16,16G local / 16G remote,stream_read_32g_split16_4kstride,on,030-040,30000,40000,1997537280,199.753728
split16,16G local / 16G remote,stream_read_32g_split16_4kstride,on,040-050,40000,50000,1988886528,198.88865280000002
split16,16G local / 16G remote,stream_read_32g_split16_4kstride,on,050-060,50000,60000,2327576576,232.7576576
split16,16G local / 16G remote,stream_read_32g_split16_4kstride,on,060-070,60000,70000,3200778240,320.077824
split16,16G local / 16G remote,stream_read_32g_split16_4kstride,on,070-080,70000,80000,2735210496,273.5210496
split16,16G local / 16G remote,stream_read_32g_split16_4kstride,on,080-090,80000,90000,2685403136,268.54031360000005
split16,16G local / 16G remote,stream_read_32g_split16_4kstride,on,090-100,90000,100000,1613496320,161.349632
split16,16G local / 16G remote,stream_read_32g_split16_4kstride,on,100-110,100000,110000,1587544064,158.7544064
split16,16G local / 16G remote,stream_read_32g_split16_4kstride,on,110-120,110000,120000,1634729984,163.4729984
split16,16G local / 16G remote,stream_read_32g_split16_4kstride,on,120-130,120000,130000,1627389952,162.73899519999998
split16,16G local / 16G remote,stream_read_32g_split16_4kstride,on,130-140,130000,140000,1706295296,170.62952959999998
split16,16G local / 16G remote,stream_read_32g_split16_4kstride,on,140-150,140000,150000,2235039744,223.5039744
split16,16G local / 16G remote,stream_read_32g_split16_4kstride,on,150-160,150000,160000,2237923328,223.79233280000003
split16,16G local / 16G remote,stream_read_32g_split16_4kstride,on,160-170,160000,170001,2230583296,223.0360259974003
split16,16G local / 16G remote,stream_read_32g_split16_4kstride,on,170-180,170001,180000,2249457664,224.96826322632262
split16,16G local / 16G remote,stream_read_32g_split16_4kstride,on,180-190,180000,190000,2234515456,223.4515456
split16,16G local / 16G remote,stream_read_32g_split16_4kstride,on,190-200,190000,200000,2227437568,222.7437568
