policy,sample,elapsed_ms,phase_id,phase_name,phase_rel_ms,stop_effective,running,earlystop_current_demote_promoted,earlystop_cnt,restart_cnt,hint_faults,pte_updates,promoted_pages,demoted_pages,demote_promoted_pages,promote_candidate_demoted_pages,delta_hint_faults,delta_pte_updates,delta_promoted_pages,delta_demoted_pages,delta_demote_promoted_pages,delta_promote_candidate_demoted_pages,anon_n0_gib,anon_n1_gib
off,0,50,1,fixed8g-hotset-remote,50,0,1,0,0,0,0,0,0,366409,0,0,0,0,0,0,0,0,14.60,49.40
off,1,1088,1,fixed8g-hotset-remote,1088,0,1,0,0,0,0,0,0,366409,0,0,0,0,0,0,0,0,14.60,49.40
off,2,2132,1,fixed8g-hotset-remote,2132,0,1,0,0,0,0,0,0,366409,0,0,0,0,0,0,0,0,14.60,49.40
off,3,3175,1,fixed8g-hotset-remote,3175,0,1,0,0,0,0,0,0,366409,0,0,0,0,0,0,0,0,14.60,49.40
off,4,4219,1,fixed8g-hotset-remote,4219,0,1,0,0,0,0,0,0,366409,0,0,0,0,0,0,0,0,14.60,49.40
off,5,5264,1,fixed8g-hotset-remote,5264,0,1,0,0,0,0,0,0,366409,0,0,0,0,0,0,0,0,14.60,49.40
off,6,6304,1,fixed8g-hotset-remote,6304,0,1,0,0,0,0,0,0,366409,0,0,0,0,0,0,0,0,14.60,49.40
off,7,7342,1,fixed8g-hotset-remote,7342,0,1,0,0,0,0,0,0,366409,0,0,0,0,0,0,0,0,14.60,49.40
off,8,8378,1,fixed8g-hotset-remote,8378,0,1,0,0,0,0,0,0,366409,0,0,0,0,0,0,0,0,14.60,49.40
off,9,9410,1,fixed8g-hotset-remote,9410,0,1,0,0,0,0,0,0,366409,0,0,0,0,0,0,0,0,14.60,49.40
off,10,10446,1,fixed8g-hotset-remote,10446,0,1,0,0,0,0,0,0,366409,0,0,0,0,0,0,0,0,14.60,49.40
off,11,11482,1,fixed8g-hotset-remote,11482,0,1,0,0,0,0,0,0,366409,0,0,0,0,0,0,0,0,14.60,49.40
off,12,12515,1,fixed8g-hotset-remote,12515,0,1,0,0,0,0,0,0,366409,0,0,0,0,0,0,0,0,14.60,49.40
off,13,13547,1,fixed8g-hotset-remote,13547,0,1,0,0,0,0,0,0,366409,0,0,0,0,0,0,0,0,14.60,49.40
off,14,14579,1,fixed8g-hotset-remote,14579,0,1,0,0,0,0,0,0,366409,0,0,0,0,0,0,0,0,14.60,49.40
off,15,15611,1,fixed8g-hotset-remote,15611,0,1,0,0,0,0,0,0,366409,0,0,0,0,0,0,0,0,14.60,49.40
off,16,16647,1,fixed8g-hotset-remote,16647,0,1,0,0,0,0,0,0,366409,0,0,0,0,0,0,0,0,14.60,49.40
off,17,17687,1,fixed8g-hotset-remote,17687,0,1,0,0,0,0,0,0,366409,0,0,0,0,0,0,0,0,14.60,49.40
off,18,18724,1,fixed8g-hotset-remote,18724,0,1,0,0,0,0,0,0,366409,0,0,0,0,0,0,0,0,14.60,49.40
off,19,19756,1,fixed8g-hotset-remote,19756,0,1,0,0,0,0,0,0,366409,0,0,0,0,0,0,0,0,14.60,49.40
off,20,20794,1,fixed8g-hotset-remote,20794,0,1,0,0,0,0,0,0,366409,0,0,0,0,0,0,0,0,14.60,49.40
off,21,21833,1,fixed8g-hotset-remote,21833,0,1,0,0,0,0,0,0,366409,0,0,0,0,0,0,0,0,14.60,49.40
off,22,22867,1,fixed8g-hotset-remote,22867,0,1,0,0,0,0,0,0,366409,0,0,0,0,0,0,0,0,14.60,49.40
off,23,23904,1,fixed8g-hotset-remote,23904,0,1,0,0,0,0,0,0,366409,0,0,0,0,0,0,0,0,14.60,49.40
off,24,24943,1,fixed8g-hotset-remote,24943,0,1,0,0,0,0,0,0,366409,0,0,0,0,0,0,0,0,14.60,49.40
off,25,25978,1,fixed8g-hotset-remote,25978,0,1,0,0,0,0,0,0,366409,0,0,0,0,0,0,0,0,14.60,49.40
off,26,27015,1,fixed8g-hotset-remote,27015,0,1,0,0,0,0,0,0,366409,0,0,0,0,0,0,0,0,14.60,49.40
off,27,28051,1,fixed8g-hotset-remote,28051,0,1,0,0,0,0,0,0,366409,0,0,0,0,0,0,0,0,14.60,49.40
off,28,29090,1,fixed8g-hotset-remote,29090,0,1,0,0,0,0,0,0,366409,0,0,0,0,0,0,0,0,14.60,49.40
off,29,30124,1,fixed8g-hotset-remote,30124,0,1,0,0,0,0,0,0,366409,0,0,0,0,0,0,0,0,14.60,49.40
off,30,31156,1,fixed8g-hotset-remote,31156,0,1,0,0,0,0,0,0,366409,0,0,0,0,0,0,0,0,14.60,49.40
off,31,32191,1,fixed8g-hotset-remote,32191,0,1,0,0,0,0,0,0,366409,0,0,0,0,0,0,0,0,14.60,49.40
off,32,33226,1,fixed8g-hotset-remote,33226,0,1,0,0,0,0,0,0,366409,0,0,0,0,0,0,0,0,14.60,49.40
off,33,34262,1,fixed8g-hotset-remote,34262,0,1,0,0,0,0,0,0,366409,0,0,0,0,0,0,0,0,14.60,49.40
off,34,35298,1,fixed8g-hotset-remote,35298,0,1,0,0,0,0,0,0,366409,0,0,0,0,0,0,0,0,14.60,49.40
off,35,36334,1,fixed8g-hotset-remote,36334,0,1,0,0,0,0,0,0,366409,0,0,0,0,0,0,0,0,14.60,49.40
off,36,37372,1,fixed8g-hotset-remote,37372,0,1,0,0,0,0,0,0,366409,0,0,0,0,0,0,0,0,14.60,49.40
off,37,38409,1,fixed8g-hotset-remote,38409,0,1,0,0,0,0,0,0,366409,0,0,0,0,0,0,0,0,14.60,49.40
off,38,39441,1,fixed8g-hotset-remote,39441,0,1,0,0,0,0,0,0,366409,0,0,0,0,0,0,0,0,14.60,49.40
off,39,40474,1,fixed8g-hotset-remote,40474,0,1,0,0,0,0,0,0,366409,0,0,0,0,0,0,0,0,14.60,49.40
off,40,41507,1,fixed8g-hotset-remote,41507,0,1,0,0,0,0,0,0,366409,0,0,0,0,0,0,0,0,14.60,49.40
off,41,42544,1,fixed8g-hotset-remote,42544,0,1,0,0,0,0,0,0,366409,0,0,0,0,0,0,0,0,14.60,49.40
off,42,43578,1,fixed8g-hotset-remote,43578,0,1,0,0,0,0,0,0,366409,0,0,0,0,0,0,0,0,14.60,49.40
off,43,44615,1,fixed8g-hotset-remote,44615,0,1,0,0,0,0,0,0,366409,0,0,0,0,0,0,0,0,14.60,49.40
off,44,45647,1,fixed8g-hotset-remote,45647,0,1,0,0,0,0,0,0,366409,0,0,0,0,0,0,0,0,14.60,49.40
off,45,46684,1,fixed8g-hotset-remote,46684,0,1,0,0,0,0,0,0,366409,0,0,0,0,0,0,0,0,14.60,49.40
off,46,47721,1,fixed8g-hotset-remote,47721,0,1,0,0,0,0,0,0,366409,0,0,0,0,0,0,0,0,14.60,49.40
off,47,48752,1,fixed8g-hotset-remote,48752,0,1,0,0,0,0,0,0,366409,0,0,0,0,0,0,0,0,14.60,49.40
off,48,49790,1,fixed8g-hotset-remote,49790,0,1,0,0,0,0,0,0,366409,0,0,0,0,0,0,0,0,14.60,49.40
off,49,50827,1,fixed8g-hotset-remote,50827,0,1,0,0,0,0,0,0,366409,0,0,0,0,0,0,0,0,14.60,49.40
off,50,51866,1,fixed8g-hotset-remote,51866,0,1,0,0,0,0,0,0,366409,0,0,0,0,0,0,0,0,14.60,49.40
off,51,52909,1,fixed8g-hotset-remote,52909,0,1,0,0,0,0,0,0,366409,0,0,0,0,0,0,0,0,14.60,49.40
off,52,53946,1,fixed8g-hotset-remote,53946,0,1,0,0,0,0,0,0,366409,0,0,0,0,0,0,0,0,14.60,49.40
off,53,54979,1,fixed8g-hotset-remote,54979,0,1,0,0,0,0,0,0,366409,0,0,0,0,0,0,0,0,14.60,49.40
off,54,56016,1,fixed8g-hotset-remote,56016,0,1,0,0,0,0,0,0,366409,0,0,0,0,0,0,0,0,14.60,49.40
off,55,57048,1,fixed8g-hotset-remote,57048,0,1,0,0,0,0,0,0,366409,0,0,0,0,0,0,0,0,14.60,49.40
off,56,58085,1,fixed8g-hotset-remote,58085,0,1,0,0,0,0,0,0,366409,0,0,0,0,0,0,0,0,14.60,49.40
off,57,59130,1,fixed8g-hotset-remote,59130,0,1,0,0,0,0,0,0,366409,0,0,0,0,0,0,0,0,14.60,49.40
off,58,60156,2,stream-read-32g-split16-4k,156,0,1,0,0,0,0,0,0,366409,0,0,0,0,0,0,0,0,14.60,49.40
off,59,61174,2,stream-read-32g-split16-4k,1174,0,1,0,0,0,0,0,0,366409,0,0,0,0,0,0,0,0,14.60,49.40
off,60,62201,2,stream-read-32g-split16-4k,2201,0,1,0,0,0,0,0,0,366409,0,0,0,0,0,0,0,0,14.60,49.40
off,61,63224,2,stream-read-32g-split16-4k,3224,0,1,0,0,0,0,0,0,366409,0,0,0,0,0,0,0,0,14.60,49.40
off,62,64253,2,stream-read-32g-split16-4k,4253,0,1,0,0,0,0,0,0,366409,0,0,0,0,0,0,0,0,14.60,49.40
off,63,65276,2,stream-read-32g-split16-4k,5276,0,1,0,0,0,0,0,0,366409,0,0,0,0,0,0,0,0,14.60,49.40
off,64,66300,2,stream-read-32g-split16-4k,6300,0,1,0,0,0,0,0,0,366409,0,0,0,0,0,0,0,0,14.60,49.40
off,65,67321,2,stream-read-32g-split16-4k,7321,0,1,0,0,0,0,0,0,366409,0,0,0,0,0,0,0,0,14.60,49.40
off,66,68340,2,stream-read-32g-split16-4k,8340,0,1,0,0,0,0,0,0,366409,0,0,0,0,0,0,0,0,14.60,49.40
off,67,69364,2,stream-read-32g-split16-4k,9364,0,1,0,0,0,0,0,0,366409,0,0,0,0,0,0,0,0,14.60,49.40
off,68,70384,2,stream-read-32g-split16-4k,10384,0,1,0,0,0,0,0,0,366409,0,0,0,0,0,0,0,0,14.60,49.40
off,69,71409,2,stream-read-32g-split16-4k,11409,0,1,0,0,0,0,0,0,366409,0,0,0,0,0,0,0,0,14.60,49.40
off,70,72431,2,stream-read-32g-split16-4k,12431,0,1,0,0,0,0,0,0,366409,0,0,0,0,0,0,0,0,14.60,49.40
off,71,73456,2,stream-read-32g-split16-4k,13456,0,1,0,0,0,0,0,0,366409,0,0,0,0,0,0,0,0,14.60,49.40
off,72,74479,2,stream-read-32g-split16-4k,14479,0,1,0,0,0,0,0,0,366409,0,0,0,0,0,0,0,0,14.60,49.40
off,73,75501,2,stream-read-32g-split16-4k,15501,0,1,0,0,0,0,0,0,366409,0,0,0,0,0,0,0,0,14.60,49.40
off,74,76524,2,stream-read-32g-split16-4k,16524,0,1,0,0,0,0,0,0,366409,0,0,0,0,0,0,0,0,14.60,49.40
off,75,77543,2,stream-read-32g-split16-4k,17543,0,1,0,0,0,0,0,0,366409,0,0,0,0,0,0,0,0,14.60,49.40
off,76,78563,2,stream-read-32g-split16-4k,18563,0,1,0,0,0,0,0,0,366409,0,0,0,0,0,0,0,0,14.60,49.40
off,77,79584,2,stream-read-32g-split16-4k,19584,0,1,0,0,0,0,0,0,366409,0,0,0,0,0,0,0,0,14.60,49.40
off,78,80603,2,stream-read-32g-split16-4k,20603,0,1,0,0,0,0,0,0,366409,0,0,0,0,0,0,0,0,14.60,49.40
off,79,81624,2,stream-read-32g-split16-4k,21624,0,1,0,0,0,0,0,0,366409,0,0,0,0,0,0,0,0,14.60,49.40
off,80,82643,2,stream-read-32g-split16-4k,22643,0,1,0,0,0,0,0,0,366409,0,0,0,0,0,0,0,0,14.60,49.40
off,81,83668,2,stream-read-32g-split16-4k,23668,0,1,0,0,0,0,0,0,366409,0,0,0,0,0,0,0,0,14.60,49.40
off,82,84686,2,stream-read-32g-split16-4k,24686,0,1,0,0,0,0,0,0,366409,0,0,0,0,0,0,0,0,14.60,49.40
off,83,85712,2,stream-read-32g-split16-4k,25712,0,1,0,0,0,0,0,0,366409,0,0,0,0,0,0,0,0,14.60,49.40
off,84,86731,2,stream-read-32g-split16-4k,26731,0,1,0,0,0,0,0,0,366409,0,0,0,0,0,0,0,0,14.60,49.40
off,85,87753,2,stream-read-32g-split16-4k,27753,0,1,0,0,0,0,0,0,366409,0,0,0,0,0,0,0,0,14.60,49.40
off,86,88776,2,stream-read-32g-split16-4k,28776,0,1,0,0,0,0,0,0,366409,0,0,0,0,0,0,0,0,14.60,49.40
off,87,89800,2,stream-read-32g-split16-4k,29800,0,1,0,0,0,0,0,0,366409,0,0,0,0,0,0,0,0,14.60,49.40
off,88,90825,2,stream-read-32g-split16-4k,30825,0,1,0,0,0,0,0,0,366409,0,0,0,0,0,0,0,0,14.60,49.40
off,89,91844,2,stream-read-32g-split16-4k,31844,0,1,0,0,0,0,0,0,366409,0,0,0,0,0,0,0,0,14.60,49.40
off,90,92867,2,stream-read-32g-split16-4k,32867,0,1,0,0,0,0,0,0,366409,0,0,0,0,0,0,0,0,14.60,49.40
off,91,93889,2,stream-read-32g-split16-4k,33889,0,1,0,0,0,0,0,0,366409,0,0,0,0,0,0,0,0,14.60,49.40
off,92,94908,2,stream-read-32g-split16-4k,34908,0,1,0,0,0,0,0,0,366409,0,0,0,0,0,0,0,0,14.60,49.40
off,93,95936,2,stream-read-32g-split16-4k,35936,0,1,0,0,0,0,0,0,366409,0,0,0,0,0,0,0,0,14.60,49.40
off,94,96956,2,stream-read-32g-split16-4k,36956,0,1,0,0,0,0,0,0,366409,0,0,0,0,0,0,0,0,14.60,49.40
off,95,97975,2,stream-read-32g-split16-4k,37975,0,1,0,0,0,0,0,0,366409,0,0,0,0,0,0,0,0,14.60,49.40
off,96,99001,2,stream-read-32g-split16-4k,39001,0,1,0,0,0,0,0,0,366409,0,0,0,0,0,0,0,0,14.60,49.40
off,97,100024,2,stream-read-32g-split16-4k,40024,0,1,0,0,0,0,0,0,366409,0,0,0,0,0,0,0,0,14.60,49.40
off,98,101047,2,stream-read-32g-split16-4k,41047,0,1,0,0,0,0,0,0,366409,0,0,0,0,0,0,0,0,14.60,49.40
off,99,102069,2,stream-read-32g-split16-4k,42069,0,1,0,0,0,0,0,0,366409,0,0,0,0,0,0,0,0,14.60,49.40
off,100,103088,2,stream-read-32g-split16-4k,43088,0,1,0,0,0,0,0,0,366409,0,0,0,0,0,0,0,0,14.60,49.40
off,101,104112,2,stream-read-32g-split16-4k,44112,0,1,0,0,0,0,0,0,366409,0,0,0,0,0,0,0,0,14.60,49.40
off,102,105131,2,stream-read-32g-split16-4k,45131,0,1,0,0,0,0,0,0,366409,0,0,0,0,0,0,0,0,14.60,49.40
off,103,106154,2,stream-read-32g-split16-4k,46154,0,1,0,0,0,0,0,0,366409,0,0,0,0,0,0,0,0,14.60,49.40
off,104,107180,2,stream-read-32g-split16-4k,47180,0,1,0,0,0,0,0,0,366409,0,0,0,0,0,0,0,0,14.60,49.40
off,105,108203,2,stream-read-32g-split16-4k,48203,0,1,0,0,0,0,0,0,366409,0,0,0,0,0,0,0,0,14.60,49.40
off,106,109225,2,stream-read-32g-split16-4k,49225,0,1,0,0,0,0,0,0,366409,0,0,0,0,0,0,0,0,14.60,49.40
off,107,110242,2,stream-read-32g-split16-4k,50242,0,1,0,0,0,0,0,0,366409,0,0,0,0,0,0,0,0,14.60,49.40
off,108,111261,2,stream-read-32g-split16-4k,51261,0,1,0,0,0,0,0,0,366409,0,0,0,0,0,0,0,0,14.60,49.40
off,109,112283,2,stream-read-32g-split16-4k,52283,0,1,0,0,0,0,0,0,366409,0,0,0,0,0,0,0,0,14.60,49.40
off,110,113302,2,stream-read-32g-split16-4k,53302,0,1,0,0,0,0,0,0,366409,0,0,0,0,0,0,0,0,14.60,49.40
off,111,114328,2,stream-read-32g-split16-4k,54328,0,1,0,0,0,0,0,0,366409,0,0,0,0,0,0,0,0,14.60,49.40
off,112,115352,2,stream-read-32g-split16-4k,55352,0,1,0,0,0,0,0,0,366409,0,0,0,0,0,0,0,0,14.60,49.40
off,113,116372,2,stream-read-32g-split16-4k,56372,0,1,0,0,0,0,0,0,366409,0,0,0,0,0,0,0,0,14.60,49.40
off,114,117395,2,stream-read-32g-split16-4k,57395,0,1,0,0,0,0,0,0,366409,0,0,0,0,0,0,0,0,14.60,49.40
off,115,118416,2,stream-read-32g-split16-4k,58416,0,1,0,0,0,0,0,0,366409,0,0,0,0,0,0,0,0,14.60,49.40
off,116,119434,2,stream-read-32g-split16-4k,59434,0,1,0,0,0,0,0,0,366409,0,0,0,0,0,0,0,0,14.60,49.40
off,117,120473,2,stream-read-32g-split16-4k,60473,0,1,0,0,0,0,0,0,366409,0,0,0,0,0,0,0,0,0.00,45.95
off,118,121533,2,stream-read-32g-split16-4k,61533,0,1,0,0,0,0,0,0,366409,0,0,0,0,0,0,0,0,0.00,14.90
off,119,122596,2,stream-read-32g-split16-4k,62596,0,1,0,0,0,0,0,0,366409,0,0,0,0,0,0,0,0,0.00,0.00
on,0,61,1,fixed8g-hotset-remote,61,1,1,0,0,0,0,0,0,366398,0,0,0,0,0,0,0,0,14.60,49.40
on,1,1106,1,fixed8g-hotset-remote,1106,1,1,0,0,0,2,239240,1,366398,0,1,2,239240,1,0,0,1,14.60,49.40
on,2,2137,1,fixed8g-hotset-remote,2137,1,1,0,0,0,168468,888584,153142,366398,0,1,168466,649344,153141,0,0,0,15.19,48.81
on,3,3190,1,fixed8g-hotset-remote,3190,1,1,0,0,0,603732,1543944,427845,431038,0,1,435264,655360,274703,64640,0,0,15.99,48.01
on,4,4253,1,fixed8g-hotset-remote,4253,1,1,0,0,0,1258870,2133768,540551,543870,0,1,655138,589824,112706,112832,0,0,15.99,48.01
on,5,5314,1,fixed8g-hotset-remote,5314,1,1,0,0,0,1835660,2789128,636926,640574,0,1,576790,655360,96375,96704,0,0,15.99,48.01
on,6,6349,1,fixed8g-hotset-remote,6349,1,1,0,0,0,2163362,3444488,662088,724350,0,1,327702,655360,25162,83776,0,0,15.76,48.24
on,7,7386,1,fixed8g-hotset-remote,7386,1,1,0,0,0,2163362,4099848,662088,788350,0,1,0,655360,0,64000,0,0,15.52,48.48
on,8,8418,1,fixed8g-hotset-remote,8418,1,1,0,0,0,2163362,4689672,662088,821758,0,1,0,589824,0,33408,0,0,15.39,48.61
on,9,9456,1,fixed8g-hotset-remote,9456,1,1,0,0,0,2163362,5345032,662088,892350,0,1,0,655360,0,70592,0,0,15.12,48.88
on,10,10486,1,fixed8g-hotset-remote,10486,1,1,0,0,0,2163362,6000392,662088,961854,0,1,0,655360,0,69504,0,0,14.86,49.14
on,11,11514,1,fixed8g-hotset-remote,11514,1,1,0,0,0,2163362,6590216,662088,1032894,0,1,0,589824,0,71040,0,0,14.59,49.41
on,12,12546,1,fixed8g-hotset-remote,12546,1,1,0,0,0,2163362,7245576,662088,1053054,0,1,0,655360,0,20160,0,0,14.51,49.49
on,13,13576,1,fixed8g-hotset-remote,13576,1,1,0,0,0,2163362,7900936,662088,1053054,0,1,0,655360,0,0,0,0,14.51,49.49
on,14,14607,1,fixed8g-hotset-remote,14607,1,1,0,0,0,2163362,8556296,662088,1053054,0,1,0,655360,0,0,0,0,14.51,49.49
on,15,15637,1,fixed8g-hotset-remote,15637,1,1,0,0,0,2163362,9146120,662088,1053054,0,1,0,589824,0,0,0,0,14.51,49.49
on,16,16668,1,fixed8g-hotset-remote,16668,1,1,0,0,0,2163362,9801480,662088,1053054,0,1,0,655360,0,0,0,0,14.51,49.49
on,17,17698,1,fixed8g-hotset-remote,17698,1,1,0,0,0,2163362,10456840,662088,1053054,0,1,0,655360,0,0,0,0,14.51,49.49
on,18,18731,1,fixed8g-hotset-remote,18731,1,1,0,0,0,2163362,11112200,662088,1053054,0,1,0,655360,0,0,0,0,14.51,49.49
on,19,19763,1,fixed8g-hotset-remote,19763,1,1,0,0,0,2163362,11767560,662088,1053054,0,1,0,655360,0,0,0,0,14.51,49.49
on,20,20795,1,fixed8g-hotset-remote,20795,1,1,0,0,0,2163362,12357384,662088,1053054,0,1,0,589824,0,0,0,0,14.51,49.49
on,21,21826,1,fixed8g-hotset-remote,21826,1,1,0,0,0,2163366,12949273,662090,1053054,0,3,4,591889,2,0,0,2,14.51,49.49
on,22,22868,1,fixed8g-hotset-remote,22868,1,1,0,0,0,2163369,13232282,662093,1053054,0,6,3,283009,3,0,0,3,14.51,49.49
on,23,23905,1,fixed8g-hotset-remote,23905,1,1,0,0,0,2163369,13367769,662093,1053054,0,6,0,135487,0,0,0,0,14.51,49.49
on,24,24931,1,fixed8g-hotset-remote,24931,1,1,0,0,0,2206478,13680467,701281,1053054,0,6,43109,312698,39188,0,0,0,14.66,49.34
on,25,25958,1,fixed8g-hotset-remote,25958,1,1,0,0,0,2354944,13860599,836245,1053054,0,6,148466,180132,134964,0,0,0,15.17,48.83
on,26,26980,1,fixed8g-hotset-remote,26980,1,1,0,0,0,2595242,14080093,1054701,1058878,0,6,240298,219494,218456,5824,0,0,15.98,48.02
on,27,28025,1,fixed8g-hotset-remote,28025,1,1,0,0,0,2744178,14359125,1178223,1180414,0,6,148936,279032,123522,121536,0,0,15.99,48.01
on,28,29086,1,fixed8g-hotset-remote,29086,1,1,58,0,0,3023479,14617710,1304630,1322939,58,6,279301,258585,126407,142525,58,0,15.93,48.07
on,29,30112,1,fixed8g-hotset-remote,30112,1,1,58,0,0,3355652,14879761,1508857,1510972,58,6,332173,262051,204227,188033,0,0,15.99,48.01
on,30,31132,1,fixed8g-hotset-remote,31132,1,1,58,0,0,3648326,15070230,1681902,1685756,58,6,292674,190469,173045,174784,0,0,15.99,48.01
on,31,32154,1,fixed8g-hotset-remote,32154,1,1,58,0,0,3702524,15070994,1702932,1834748,58,6,54198,764,21030,148992,0,0,15.50,48.50
on,32,33176,1,fixed8g-hotset-remote,33176,1,1,58,0,0,3702524,15070994,1702932,2011900,58,6,0,0,0,177152,0,0,14.82,49.18
on,33,34198,1,fixed8g-hotset-remote,34198,1,1,58,0,0,3702524,15070994,1702932,2011900,58,6,0,0,0,0,0,0,14.82,49.18
on,34,35219,1,fixed8g-hotset-remote,35219,1,1,58,0,0,3702524,15070994,1702932,2011900,58,6,0,0,0,0,0,0,14.82,49.18
on,35,36239,1,fixed8g-hotset-remote,36239,1,1,58,0,0,3702524,15070994,1702932,2011900,58,6,0,0,0,0,0,0,14.82,49.18
on,36,37265,1,fixed8g-hotset-remote,37265,1,1,58,0,0,3702524,15182095,1702932,2011900,58,6,0,111101,0,0,0,0,14.82,49.18
on,37,38286,1,fixed8g-hotset-remote,38286,1,1,58,0,0,3702524,15459795,1702932,2011900,58,6,0,277700,0,0,0,0,14.82,49.18
on,38,39307,1,fixed8g-hotset-remote,39307,1,1,58,0,0,3702524,15489936,1702932,2011900,58,6,0,30141,0,0,0,0,14.82,49.18
on,39,40328,1,fixed8g-hotset-remote,40328,1,1,58,0,0,3702524,15817616,1702932,2011900,58,6,0,327680,0,0,0,0,14.82,49.18
on,40,41352,1,fixed8g-hotset-remote,41352,1,1,58,0,0,3702524,16029781,1702932,2011900,58,6,0,212165,0,0,0,0,14.82,49.18
on,41,42380,1,fixed8g-hotset-remote,42380,1,1,58,0,0,3771050,16092077,1765228,2011900,58,64,68526,62296,62296,0,0,58,15.06,48.94
on,42,43403,1,fixed8g-hotset-remote,43403,1,1,58,0,0,3877975,16212869,1862432,2011900,58,64,106925,120792,97204,0,0,0,15.43,48.57
on,43,44426,1,fixed8g-hotset-remote,44426,1,1,58,0,0,3989506,16290673,1963824,2033340,58,64,111531,77804,101392,21440,0,0,15.74,48.27
on,44,45450,1,fixed8g-hotset-remote,45450,1,1,58,0,0,4080477,16373374,2046525,2201724,58,64,90971,82701,82701,168384,0,0,15.41,48.59
on,45,46473,1,fixed8g-hotset-remote,46473,1,1,58,0,0,4136238,16424065,2097216,2325693,58,64,55761,50691,50691,123969,0,0,15.13,48.87
on,46,47497,1,fixed8g-hotset-remote,47497,1,1,58,0,0,4136238,16424065,2097216,2325693,58,64,0,0,0,0,0,0,15.13,48.87
on,47,48521,1,fixed8g-hotset-remote,48521,1,1,58,0,0,4136238,16424065,2097216,2325693,58,64,0,0,0,0,0,0,15.13,48.87
on,48,49545,1,fixed8g-hotset-remote,49545,1,1,58,0,0,4136238,16424065,2097216,2325693,58,64,0,0,0,0,0,0,15.13,48.87
on,49,50569,1,fixed8g-hotset-remote,50569,1,1,58,0,0,4136238,16424065,2097216,2325693,58,64,0,0,0,0,0,0,15.13,48.87
on,50,51593,1,fixed8g-hotset-remote,51593,1,1,58,0,0,4136238,16424065,2097216,2325693,58,64,0,0,0,0,0,0,15.13,48.87
on,51,52618,1,fixed8g-hotset-remote,52618,1,1,58,0,0,4136238,16424065,2097216,2325693,58,64,0,0,0,0,0,0,15.13,48.87
on,52,53642,1,fixed8g-hotset-remote,53642,1,1,58,0,0,4136238,16424065,2097216,2325693,58,64,0,0,0,0,0,0,15.13,48.87
on,53,54666,1,fixed8g-hotset-remote,54666,1,1,58,0,0,4136238,16424065,2097216,2325693,58,64,0,0,0,0,0,0,15.13,48.87
on,54,55690,1,fixed8g-hotset-remote,55690,1,1,58,0,0,4136238,16424065,2097216,2325693,58,64,0,0,0,0,0,0,15.13,48.87
on,55,56714,1,fixed8g-hotset-remote,56714,1,1,58,0,0,4136238,16424065,2097216,2325693,58,64,0,0,0,0,0,0,15.13,48.87
on,56,57741,1,fixed8g-hotset-remote,57741,1,1,58,0,0,4136238,16424065,2097216,2325693,58,64,0,0,0,0,0,0,15.13,48.87
on,57,58769,1,fixed8g-hotset-remote,58769,1,1,58,0,0,4136238,16424065,2097216,2325693,58,64,0,0,0,0,0,0,15.13,48.87
on,58,59793,1,fixed8g-hotset-remote,59793,1,1,58,0,0,4136238,16424065,2097216,2325693,58,64,0,0,0,0,0,0,15.13,48.87
on,59,60819,2,stream-read-32g-split16-4k,819,1,1,58,0,0,8291718,16724577,2139521,2325693,58,42379,4155480,300512,42305,0,0,42315,15.29,48.71
on,60,61840,2,stream-read-32g-split16-4k,1840,1,1,58,0,0,8569691,17379937,2325561,2329680,58,228412,277973,655360,186040,3987,0,186033,15.98,48.02
on,61,62892,2,stream-read-32g-split16-4k,2892,1,1,58,0,0,9047505,17702369,2374160,2395133,58,277027,477814,322432,48599,65453,0,48615,15.92,48.08
on,62,63951,2,stream-read-32g-split16-4k,3951,1,1,58,0,0,9516028,18423265,2480526,2480659,58,383378,468523,720896,106366,85526,0,106351,16.00,48.00
on,63,64983,2,stream-read-32g-split16-4k,4983,1,1,58,0,0,10058735,18621921,2517267,2569028,58,420125,542707,198656,36741,88369,0,36747,15.80,48.20
on,64,66011,2,stream-read-32g-split16-4k,6011,1,1,58,0,0,10597025,19144161,2621418,2623642,58,422699,538290,522240,104151,54614,0,2574,15.99,48.01
on,65,67058,2,stream-read-32g-split16-4k,7058,1,1,58,0,0,10952840,19799521,2722008,2724446,58,422699,355815,655360,100590,100804,0,0,15.99,48.01
on,66,68083,2,stream-read-32g-split16-4k,8083,1,1,58,0,0,11574874,20454881,2779918,2780169,58,422699,622034,655360,57910,55723,0,0,16.00,48.00
on,67,69109,2,stream-read-32g-split16-4k,9109,1,1,58,0,0,12214102,20719073,2855263,2855397,58,422699,639228,264192,75345,75228,0,0,16.00,48.00
on,68,70142,2,stream-read-32g-split16-4k,10142,1,1,58,0,0,12600453,20719073,2855264,2929381,58,422699,386351,0,1,73984,0,0,15.72,48.28
on,69,71165,2,stream-read-32g-split16-4k,11165,1,1,58,0,0,12718565,20965574,2948509,2992319,58,515962,118112,246501,93245,62938,0,93263,15.83,48.17
on,70,72221,2,stream-read-32g-split16-4k,12221,1,1,58,0,0,12920679,21393608,3051369,3068727,58,618856,202114,428034,102860,76408,0,102894,15.93,48.07
on,71,73283,2,stream-read-32g-split16-4k,13283,1,1,58,0,0,13262891,21855789,3125566,3125699,58,693004,342212,462181,74197,56972,0,74148,16.00,48.00
on,72,74340,2,stream-read-32g-split16-4k,14340,1,1,58,0,0,13693336,22056649,3194897,3208514,58,762334,430445,200860,69331,82815,0,69330,15.95,48.05
on,73,75405,2,stream-read-32g-split16-4k,15405,1,1,58,0,0,13994739,22237899,3250293,3250426,58,817731,301403,181250,55396,41912,0,55397,16.00,48.00
on,74,76436,2,stream-read-32g-split16-4k,16436,1,1,58,0,0,14195509,22432162,3329589,3335162,58,897026,200770,194263,79296,84736,0,79295,15.98,48.02
on,75,77460,2,stream-read-32g-split16-4k,17460,1,1,58,0,0,14324695,22680384,3350923,3351057,58,918361,129186,248222,21334,15895,0,21335,16.00,48.00
on,76,78515,2,stream-read-32g-split16-4k,18515,1,1,30778,0,0,14532089,23093490,3374297,3381713,30778,941774,207394,413106,23374,30656,30720,23413,15.97,48.03
on,77,79578,2,stream-read-32g-split16-4k,19578,1,1,38349,0,0,14989493,23521238,3397389,3397523,38349,964828,457404,427748,23092,15810,7571,23054,16.00,48.00
on,78,80607,2,stream-read-32g-split16-4k,20607,1,1,66131,0,0,15281492,23568488,3425171,3425305,66131,973420,291999,47250,27782,27782,27782,8592,16.00,48.00
on,79,81640,2,stream-read-32g-split16-4k,21640,1,1,74888,0,0,15506004,23924381,3433928,3434062,74888,973420,224512,355893,8757,8757,8757,0,16.00,48.00
on,80,82668,2,stream-read-32g-split16-4k,22668,1,1,133768,0,0,15821602,24175863,3490760,3492942,133768,973420,315598,251482,56832,58880,58880,0,15.99,48.01
on,81,83726,2,stream-read-32g-split16-4k,23726,1,1,150584,0,0,15964467,24541785,3509624,3509758,150584,973420,142865,365922,18864,16816,16816,0,16.00,48.00
on,82,84758,2,stream-read-32g-split16-4k,24758,1,1,196920,0,0,16287264,24840956,3538146,3556030,196920,973420,322797,299171,28522,46272,46336,0,15.93,48.07
on,83,85814,2,stream-read-32g-split16-4k,25814,1,1,235218,0,0,16711710,25151905,3594258,3594392,235218,973420,424446,310949,56112,38362,38298,0,16.00,48.00
on,84,86842,2,stream-read-32g-split16-4k,26842,1,1,261010,0,0,16786962,25285025,3594261,3620184,261010,973420,75252,133120,3,25792,25792,0,15.90,48.10
on,85,87867,2,stream-read-32g-split16-4k,27867,1,1,301182,0,0,17255826,25285025,3594261,3660356,301182,973420,468864,0,0,40172,40172,0,15.75,48.25
on,86,88894,2,stream-read-32g-split16-4k,28894,1,1,301182,1,0,17255826,25285025,3594261,3660356,301182,973420,0,0,0,0,0,0,15.75,48.25
on,87,89920,2,stream-read-32g-split16-4k,29920,1,1,301182,1,0,17298898,25373998,3633411,3660356,301182,1012586,43072,88973,39150,0,0,39166,15.90,48.10
on,88,90978,2,stream-read-32g-split16-4k,30978,1,1,314993,1,0,17376133,25596470,3674034,3674167,314993,1053196,77235,222472,40623,13811,13811,40610,16.00,48.00
on,89,92010,2,stream-read-32g-split16-4k,32010,1,1,359451,2,0,17546685,25860749,3710995,3718582,359450,1090156,170552,264279,36961,44415,44457,36960,15.97,48.03
on,90,93037,2,stream-read-32g-split16-4k,33037,1,1,394360,2,0,17759692,26080793,3743985,3753535,394360,1123168,213007,220044,32990,34953,34910,33012,15.96,48.04
on,91,94059,2,stream-read-32g-split16-4k,34059,1,1,418215,1,0,17910920,26157874,3773807,3777390,418215,1152988,151228,77081,29822,23855,23855,29820,15.99,48.01
on,92,95079,2,stream-read-32g-split16-4k,35079,1,1,485644,1,0,18220445,26326245,3846919,3847040,485644,1226080,309525,168371,73112,69650,67429,73092,16.00,48.00
on,93,96139,2,stream-read-32g-split16-4k,36139,1,1,491509,1,0,18245272,26482064,3852783,3852905,491509,1231944,24827,155819,5864,5865,5865,5864,16.00,48.00
on,94,97183,2,stream-read-32g-split16-4k,37183,1,1,517379,1,0,18507992,26604200,3898066,3900068,517379,1277236,262720,122136,45283,47163,25870,45292,15.99,48.01
on,95,98242,2,stream-read-32g-split16-4k,38242,1,1,517379,1,0,18528146,26771164,3899946,3900068,517379,1279108,20154,166964,1880,0,0,1872,16.00,48.00
on,96,99273,2,stream-read-32g-split16-4k,39273,1,1,517671,1,0,18761076,26976679,3915007,3915129,517671,1294168,232930,205515,15061,15061,292,15060,16.00,48.00
on,97,100328,2,stream-read-32g-split16-4k,40328,1,1,521467,0,0,18924620,27319534,3930369,3930491,521467,1309532,163544,342855,15362,15362,3796,15364,16.00,48.00
on,98,101354,2,stream-read-32g-split16-4k,41354,1,1,580493,0,0,19268346,27550113,3989396,3989518,580493,1368558,343726,230579,59027,59027,59026,59026,16.00,48.00
on,99,102373,2,stream-read-32g-split16-4k,42373,1,1,587942,0,0,19469256,27745608,3996845,3996967,587942,1376006,200910,195495,7449,7449,7449,7448,16.00,48.00
on,100,103393,2,stream-read-32g-split16-4k,43393,1,1,646864,0,0,19746179,27842066,4042027,4055866,646863,1421218,276923,96458,45182,58899,58921,45212,15.95,48.05
on,101,104451,2,stream-read-32g-split16-4k,44451,1,1,650950,0,0,19825978,28128916,4059853,4059975,650950,1436135,79799,286850,17826,4109,4087,14917,16.00,48.00
on,102,105513,2,stream-read-32g-split16-4k,45513,1,1,681912,0,0,20014083,28423733,4090816,4090938,681912,1459623,188105,294817,30963,30963,30962,23488,16.00,48.00
on,103,106542,2,stream-read-32g-split16-4k,46542,1,1,732990,1,0,20307457,28682685,4141894,4142016,732990,1495804,293374,258952,51078,51078,51078,36181,16.00,48.00
on,104,107580,2,stream-read-32g-split16-4k,47580,1,1,763134,1,0,20471715,28904687,4165190,4172096,763134,1507636,164258,222002,23296,30080,30144,11832,15.97,48.03
on,105,108606,2,stream-read-32g-split16-4k,48606,1,1,808400,2,0,20814900,29124450,4215450,4217427,808400,1542136,343185,219763,50260,45331,45266,34500,15.99,48.01
on,106,109653,2,stream-read-32g-split16-4k,49653,1,1,828112,2,0,20981931,29346707,4236895,4237075,828112,1553980,167031,222257,21445,19648,19712,11844,16.00,48.00
on,107,110683,2,stream-read-32g-split16-4k,50683,1,1,921383,1,0,21422283,29545363,4316822,4330411,921383,1561768,440352,198656,79927,93336,93271,7788,15.95,48.05
on,108,111707,2,stream-read-32g-split16-4k,51707,1,1,921383,1,0,21437090,29545363,4330289,4330411,921383,1561768,14807,0,13467,0,0,0,16.00,48.00
on,109,112735,2,stream-read-32g-split16-4k,52735,1,1,972447,1,0,21589764,29545363,4330290,4381419,972447,1561768,152674,0,1,51008,51064,0,15.81,48.20
on,110,113765,2,stream-read-32g-split16-4k,53765,1,1,982953,1,0,21589764,29545363,4330290,4391981,982953,1561768,0,0,0,10562,10506,0,15.77,48.24
on,111,114790,2,stream-read-32g-split16-4k,54790,1,1,982953,1,0,21589764,29545363,4330290,4391981,982953,1561768,0,0,0,0,0,0,15.77,48.24
on,112,115815,2,stream-read-32g-split16-4k,55815,1,1,982961,1,0,21589765,29545364,4330291,4391989,982961,1561769,1,1,1,8,8,1,15.77,48.24
on,113,116835,2,stream-read-32g-split16-4k,56835,1,1,982961,0,0,21589767,29545366,4330293,4391989,982961,1561771,2,2,2,0,0,2,15.77,48.24
on,114,117861,2,stream-read-32g-split16-4k,57861,1,1,982964,0,0,21589768,29545367,4330294,4391992,982964,1561772,1,1,1,3,3,1,15.77,48.24
on,115,118883,2,stream-read-32g-split16-4k,58883,1,1,983361,0,0,21589768,29545367,4330294,4392531,983361,1561772,0,0,0,539,397,0,15.76,48.24
on,116,119905,2,stream-read-32g-split16-4k,59905,1,1,983361,0,0,21589769,29545368,4330295,4392531,983361,1561773,1,1,1,0,0,1,15.76,48.24
on,117,120961,2,stream-read-32g-split16-4k,60961,1,1,1144971,0,0,21589783,29545371,4330298,4556520,1144971,1561776,14,3,3,163989,161610,3,11.00,44.77
on,118,122025,2,stream-read-32g-split16-4k,62025,1,1,1479771,0,0,21589783,29545371,4330298,4891290,1479770,1561776,0,0,0,334770,334799,0,4.72,40.75
on,119,123090,2,stream-read-32g-split16-4k,63090,1,1,1482686,0,0,21589783,29545371,4330298,4894362,1482686,1561776,0,0,0,3072,2916,0,0.00,28.07
on,120,124153,2,stream-read-32g-split16-4k,64153,1,1,1482686,0,0,21589794,29545373,4330304,4894362,1482686,1561782,11,2,6,0,0,6,0.00,0.00
adaptive_cgroup,0,60,1,fixed8g-hotset-remote,60,1,1,0,0,0,0,0,0,366398,0,0,0,0,0,0,0,0,14.60,49.40
adaptive_cgroup,1,1107,1,fixed8g-hotset-remote,1107,1,1,0,0,0,2,239244,1,366398,0,1,2,239244,1,0,0,1,14.60,49.40
adaptive_cgroup,2,2137,1,fixed8g-hotset-remote,2137,1,1,0,0,0,170626,888588,155105,366398,0,1,170624,649344,155104,0,0,0,15.19,48.81
adaptive_cgroup,3,3197,1,fixed8g-hotset-remote,3197,1,1,0,0,0,630892,1543948,428330,430910,0,1,460266,655360,273225,64512,0,0,15.99,48.01
adaptive_cgroup,4,4231,1,fixed8g-hotset-remote,4231,1,1,0,0,0,1208055,2133772,531103,537854,0,1,577163,589824,102773,106944,0,0,15.97,48.03
adaptive_cgroup,5,5263,1,fixed8g-hotset-remote,5263,1,1,0,0,0,1830431,2723596,619225,633726,0,1,622376,589824,88122,95872,0,0,15.94,48.06
adaptive_cgroup,6,6291,1,fixed8g-hotset-remote,6291,1,1,0,0,0,2163442,3378956,662831,717758,0,1,333011,655360,43606,84032,0,0,15.79,48.21
adaptive_cgroup,7,7326,1,fixed8g-hotset-remote,7326,1,1,0,0,0,2163442,4034316,662831,781502,0,1,0,655360,0,63744,0,0,15.55,48.45
adaptive_cgroup,8,8355,1,fixed8g-hotset-remote,8355,1,1,0,0,0,2163442,4689676,662831,815422,0,1,0,655360,0,33920,0,0,15.42,48.58
adaptive_cgroup,9,9384,1,fixed8g-hotset-remote,9384,1,1,0,0,0,2163442,5279500,662831,884926,0,1,0,589824,0,69504,0,0,15.15,48.85
adaptive_cgroup,10,10419,1,fixed8g-hotset-remote,10419,1,1,0,0,0,2163442,5934860,662831,955518,0,1,0,655360,0,70592,0,0,14.88,49.12
adaptive_cgroup,11,11457,1,fixed8g-hotset-remote,11457,1,1,0,0,0,2163442,6590220,662831,1026942,0,1,0,655360,0,71424,0,0,14.61,49.39
adaptive_cgroup,12,12489,1,fixed8g-hotset-remote,12489,1,1,0,0,0,2163442,7245580,662831,1053182,0,1,0,655360,0,26240,0,0,14.51,49.49
adaptive_cgroup,13,13519,1,fixed8g-hotset-remote,13519,1,1,0,0,0,2163442,7900940,662831,1053182,0,1,0,655360,0,0,0,0,14.51,49.49
adaptive_cgroup,14,14546,1,fixed8g-hotset-remote,14546,1,1,0,0,0,2163442,8490764,662831,1053182,0,1,0,589824,0,0,0,0,14.51,49.49
adaptive_cgroup,15,15573,1,fixed8g-hotset-remote,15573,1,1,0,0,0,2163442,9146124,662831,1053182,0,1,0,655360,0,0,0,0,14.51,49.49
adaptive_cgroup,16,16604,1,fixed8g-hotset-remote,16604,1,1,0,0,0,2163442,9801484,662831,1053182,0,1,0,655360,0,0,0,0,14.51,49.49
adaptive_cgroup,17,17639,1,fixed8g-hotset-remote,17639,1,1,0,0,0,2163442,10456844,662831,1053182,0,1,0,655360,0,0,0,0,14.51,49.49
adaptive_cgroup,18,18670,1,fixed8g-hotset-remote,18670,1,1,0,0,0,2163442,11046668,662831,1053182,0,1,0,589824,0,0,0,0,14.51,49.49
adaptive_cgroup,19,19699,1,fixed8g-hotset-remote,19699,1,1,0,0,0,2163442,11702028,662831,1053182,0,1,0,655360,0,0,0,0,14.51,49.49
adaptive_cgroup,20,20731,1,fixed8g-hotset-remote,20731,1,1,0,0,0,2163442,12357388,662831,1053182,0,1,0,655360,0,0,0,0,14.51,49.49
adaptive_cgroup,21,21766,1,fixed8g-hotset-remote,21766,1,1,0,0,0,2163443,12949277,662832,1053182,0,2,1,591889,1,0,0,1,14.51,49.49
adaptive_cgroup,22,22800,1,fixed8g-hotset-remote,22800,1,1,0,0,0,2163447,13297819,662836,1053182,0,6,4,348542,4,0,0,4,14.51,49.49
adaptive_cgroup,23,23829,1,fixed8g-hotset-remote,23829,1,1,0,0,0,2163447,13367898,662836,1053182,0,6,0,70079,0,0,0,0,14.51,49.49
adaptive_cgroup,24,24859,1,fixed8g-hotset-remote,24859,1,1,0,0,0,2200273,13680691,696311,1053182,0,6,36826,312793,33475,0,0,0,14.64,49.36
adaptive_cgroup,25,25884,1,fixed8g-hotset-remote,25884,1,1,0,0,0,2321437,13827509,806464,1053182,0,6,121164,146818,110153,0,0,0,15.06,48.94
adaptive_cgroup,26,26906,1,fixed8g-hotset-remote,26906,1,1,0,0,0,2555154,14084836,1018932,1053182,0,6,233717,257327,212468,0,0,0,15.87,48.13
adaptive_cgroup,27,27925,1,fixed8g-hotset-remote,27925,1,1,0,0,0,2681918,14362330,1132733,1142911,0,6,126764,277494,113801,89729,0,0,15.96,48.04
adaptive_cgroup,28,28983,1,fixed8g-hotset-remote,28983,1,1,0,0,0,2984041,14573766,1268541,1284031,0,6,302123,211436,135808,141120,0,0,15.94,48.06
adaptive_cgroup,29,30008,1,fixed8g-hotset-remote,30008,1,1,0,0,0,3318663,14834547,1470478,1471935,0,6,334622,260781,201937,187904,0,0,15.99,48.01
adaptive_cgroup,30,31064,1,fixed8g-hotset-remote,31064,1,1,0,0,0,3585639,15069890,1638751,1641727,0,6,266976,235343,168273,169792,0,0,15.99,48.01
adaptive_cgroup,31,32091,1,fixed8g-hotset-remote,32091,1,1,0,0,0,3703289,15070380,1718039,1793407,0,6,117650,490,79288,151680,0,0,15.71,48.29
adaptive_cgroup,32,33115,1,fixed8g-hotset-remote,33115,1,1,0,0,0,3703289,15070380,1718039,2012799,0,6,0,0,0,219392,0,0,14.88,49.12
adaptive_cgroup,33,34135,1,fixed8g-hotset-remote,34135,1,1,0,0,0,3703289,15070380,1718039,2012799,0,6,0,0,0,0,0,0,14.88,49.12
adaptive_cgroup,34,35157,1,fixed8g-hotset-remote,35157,1,1,0,0,0,3703289,15070380,1718039,2012799,0,6,0,0,0,0,0,0,14.88,49.12
adaptive_cgroup,35,36177,1,fixed8g-hotset-remote,36177,1,1,0,0,0,3703289,15115815,1718039,2012799,0,6,0,45435,0,0,0,0,14.88,49.12
adaptive_cgroup,36,37198,1,fixed8g-hotset-remote,37198,1,1,0,0,0,3703289,15443495,1718039,2012799,0,6,0,327680,0,0,0,0,14.88,49.12
adaptive_cgroup,37,38223,1,fixed8g-hotset-remote,38223,1,1,0,0,0,3703289,15459564,1718039,2012799,0,6,0,16069,0,0,0,0,14.88,49.12
adaptive_cgroup,38,39245,1,fixed8g-hotset-remote,39245,1,1,0,0,0,3703289,15621222,1718039,2012799,0,6,0,161658,0,0,0,0,14.88,49.12
adaptive_cgroup,39,40268,1,fixed8g-hotset-remote,40268,1,1,0,0,0,3703289,15948902,1718039,2012799,0,6,0,327680,0,0,0,0,14.88,49.12
adaptive_cgroup,40,41289,1,fixed8g-hotset-remote,41289,1,1,0,0,0,3705043,16031590,1719633,2012799,0,6,1754,82688,1594,0,0,0,14.88,49.12
adaptive_cgroup,41,42314,1,fixed8g-hotset-remote,42314,1,1,0,0,0,3829742,16145386,1833000,2012799,0,6,124699,113796,113367,0,0,0,15.31,48.69
adaptive_cgroup,42,43335,1,fixed8g-hotset-remote,43335,1,1,0,0,0,3946071,16250708,1938751,2012799,0,6,116329,105322,105751,0,0,0,15.72,48.28
adaptive_cgroup,43,44357,1,fixed8g-hotset-remote,44357,1,1,0,0,0,4033762,16350742,2018471,2112383,0,6,87691,100034,79720,99584,0,0,15.64,48.36
adaptive_cgroup,44,45380,1,fixed8g-hotset-remote,45380,1,1,0,0,0,4117662,16409115,2094741,2288191,0,6,83900,58373,76270,175808,0,0,15.26,48.74
adaptive_cgroup,45,46404,1,fixed8g-hotset-remote,46404,1,1,0,0,0,4120318,16409115,2097158,2327295,0,6,2656,0,2417,39104,0,0,15.12,48.88
adaptive_cgroup,46,47429,1,fixed8g-hotset-remote,47429,1,1,0,0,0,4120318,16409115,2097158,2327295,0,6,0,0,0,0,0,0,15.12,48.88
adaptive_cgroup,47,48456,1,fixed8g-hotset-remote,48456,1,1,0,0,0,4120318,16409115,2097158,2327295,0,6,0,0,0,0,0,0,15.12,48.88
adaptive_cgroup,48,49482,1,fixed8g-hotset-remote,49482,1,1,0,0,0,4120318,16409115,2097158,2327295,0,6,0,0,0,0,0,0,15.12,48.88
adaptive_cgroup,49,50505,1,fixed8g-hotset-remote,50505,1,1,0,0,0,4120318,16409115,2097158,2327295,0,6,0,0,0,0,0,0,15.12,48.88
adaptive_cgroup,50,51529,1,fixed8g-hotset-remote,51529,1,1,0,0,0,4120318,16409115,2097158,2327295,0,6,0,0,0,0,0,0,15.12,48.88
adaptive_cgroup,51,52553,1,fixed8g-hotset-remote,52553,1,1,0,0,0,4120318,16409115,2097158,2327295,0,6,0,0,0,0,0,0,15.12,48.88
adaptive_cgroup,52,53577,1,fixed8g-hotset-remote,53577,1,1,0,0,0,4120318,16409115,2097158,2327295,0,6,0,0,0,0,0,0,15.12,48.88
adaptive_cgroup,53,54600,1,fixed8g-hotset-remote,54600,1,1,0,0,0,4120318,16409115,2097158,2327295,0,6,0,0,0,0,0,0,15.12,48.88
adaptive_cgroup,54,55627,1,fixed8g-hotset-remote,55627,1,1,0,0,0,4120318,16409115,2097158,2327295,0,6,0,0,0,0,0,0,15.12,48.88
adaptive_cgroup,55,56651,1,fixed8g-hotset-remote,56651,1,1,0,0,0,4120318,16409115,2097158,2327295,0,6,0,0,0,0,0,0,15.12,48.88
adaptive_cgroup,56,57675,1,fixed8g-hotset-remote,57675,1,1,0,0,0,4120318,16409115,2097158,2327295,0,6,0,0,0,0,0,0,15.12,48.88
adaptive_cgroup,57,58699,1,fixed8g-hotset-remote,58699,1,1,0,0,0,4120318,16409115,2097158,2327295,0,6,0,0,0,0,0,0,15.12,48.88
adaptive_cgroup,58,59723,1,fixed8g-hotset-remote,59723,1,1,0,0,0,4120318,16409115,2097158,2327295,0,6,0,0,0,0,0,0,15.12,48.88
adaptive_cgroup,59,60745,2,stream-read-32g-split16-4k,745,0,1,0,0,0,5694701,16490477,2097158,2327295,0,6,1574383,81362,0,0,0,0,15.12,48.88
adaptive_cgroup,60,61766,2,stream-read-32g-split16-4k,1766,0,1,0,0,0,5694701,16490477,2097158,2327295,0,6,0,0,0,0,0,0,15.12,48.88
adaptive_cgroup,61,62789,2,stream-read-32g-split16-4k,2789,0,1,0,0,0,5694701,16490477,2097158,2327295,0,6,0,0,0,0,0,0,15.12,48.88
adaptive_cgroup,62,63813,2,stream-read-32g-split16-4k,3813,0,1,0,0,0,5694701,16490477,2097158,2327295,0,6,0,0,0,0,0,0,15.12,48.88
adaptive_cgroup,63,64838,2,stream-read-32g-split16-4k,4838,0,1,0,0,0,5694701,16490477,2097158,2327295,0,6,0,0,0,0,0,0,15.12,48.88
adaptive_cgroup,64,65858,2,stream-read-32g-split16-4k,5858,0,1,0,0,0,5694701,16490477,2097158,2327295,0,6,0,0,0,0,0,0,15.12,48.88
adaptive_cgroup,65,66876,2,stream-read-32g-split16-4k,6876,0,1,0,0,0,5694701,16490477,2097158,2327295,0,6,0,0,0,0,0,0,15.12,48.88
adaptive_cgroup,66,67897,2,stream-read-32g-split16-4k,7897,0,1,0,0,0,5694701,16490477,2097158,2327295,0,6,0,0,0,0,0,0,15.12,48.88
adaptive_cgroup,67,68917,2,stream-read-32g-split16-4k,8917,0,1,0,0,0,5694701,16490477,2097158,2327295,0,6,0,0,0,0,0,0,15.12,48.88
adaptive_cgroup,68,69942,2,stream-read-32g-split16-4k,9942,0,1,0,0,0,5694701,16490477,2097158,2327295,0,6,0,0,0,0,0,0,15.12,48.88
adaptive_cgroup,69,70965,2,stream-read-32g-split16-4k,10965,0,1,0,0,0,5694701,16490477,2097158,2327295,0,6,0,0,0,0,0,0,15.12,48.88
adaptive_cgroup,70,71994,2,stream-read-32g-split16-4k,11994,0,1,0,0,0,5694701,16490477,2097158,2327295,0,6,0,0,0,0,0,0,15.12,48.88
adaptive_cgroup,71,73016,2,stream-read-32g-split16-4k,13016,0,1,0,0,0,5694701,16490477,2097158,2327295,0,6,0,0,0,0,0,0,15.12,48.88
adaptive_cgroup,72,74039,2,stream-read-32g-split16-4k,14039,0,1,0,0,0,5694701,16490477,2097158,2327295,0,6,0,0,0,0,0,0,15.12,48.88
adaptive_cgroup,73,75058,2,stream-read-32g-split16-4k,15058,0,1,0,0,0,5694701,16490477,2097158,2327295,0,6,0,0,0,0,0,0,15.12,48.88
adaptive_cgroup,74,76082,2,stream-read-32g-split16-4k,16082,0,1,0,0,0,5694701,16490477,2097158,2327295,0,6,0,0,0,0,0,0,15.12,48.88
adaptive_cgroup,75,77104,2,stream-read-32g-split16-4k,17104,0,1,0,0,0,5694701,16490477,2097158,2327295,0,6,0,0,0,0,0,0,15.12,48.88
adaptive_cgroup,76,78125,2,stream-read-32g-split16-4k,18125,0,1,0,0,0,5694701,16490477,2097158,2327295,0,6,0,0,0,0,0,0,15.12,48.88
adaptive_cgroup,77,79148,2,stream-read-32g-split16-4k,19148,0,1,0,0,0,5694701,16490477,2097158,2327295,0,6,0,0,0,0,0,0,15.12,48.88
adaptive_cgroup,78,80173,2,stream-read-32g-split16-4k,20173,0,1,0,0,0,5694701,16490477,2097158,2327295,0,6,0,0,0,0,0,0,15.12,48.88
adaptive_cgroup,79,81197,2,stream-read-32g-split16-4k,21197,0,1,0,0,0,5694701,16490477,2097158,2327295,0,6,0,0,0,0,0,0,15.12,48.88
adaptive_cgroup,80,82221,2,stream-read-32g-split16-4k,22221,0,1,0,0,0,5694701,16490477,2097158,2327295,0,6,0,0,0,0,0,0,15.12,48.88
adaptive_cgroup,81,83246,2,stream-read-32g-split16-4k,23246,0,1,0,0,0,5694701,16490477,2097158,2327295,0,6,0,0,0,0,0,0,15.12,48.88
adaptive_cgroup,82,84265,2,stream-read-32g-split16-4k,24265,0,1,0,0,0,5694701,16490477,2097158,2327295,0,6,0,0,0,0,0,0,15.12,48.88
adaptive_cgroup,83,85289,2,stream-read-32g-split16-4k,25289,0,1,0,0,0,5694701,16490477,2097158,2327295,0,6,0,0,0,0,0,0,15.12,48.88
adaptive_cgroup,84,86313,2,stream-read-32g-split16-4k,26313,0,1,0,0,0,5694701,16490477,2097158,2327295,0,6,0,0,0,0,0,0,15.12,48.88
adaptive_cgroup,85,87331,2,stream-read-32g-split16-4k,27331,0,1,0,0,0,5694701,16490477,2097158,2327295,0,6,0,0,0,0,0,0,15.12,48.88
adaptive_cgroup,86,88351,2,stream-read-32g-split16-4k,28351,0,1,0,0,0,5694701,16490477,2097158,2327295,0,6,0,0,0,0,0,0,15.12,48.88
adaptive_cgroup,87,89371,2,stream-read-32g-split16-4k,29371,0,1,0,0,0,5694701,16490477,2097158,2327295,0,6,0,0,0,0,0,0,15.12,48.88
adaptive_cgroup,88,90390,2,stream-read-32g-split16-4k,30390,0,1,0,0,0,5694701,16490477,2097158,2327295,0,6,0,0,0,0,0,0,15.12,48.88
adaptive_cgroup,89,91409,2,stream-read-32g-split16-4k,31409,0,1,0,0,0,5694701,16490477,2097158,2327295,0,6,0,0,0,0,0,0,15.12,48.88
adaptive_cgroup,90,92434,2,stream-read-32g-split16-4k,32434,0,1,0,0,0,5694701,16490477,2097158,2327295,0,6,0,0,0,0,0,0,15.12,48.88
adaptive_cgroup,91,93457,2,stream-read-32g-split16-4k,33457,0,1,0,0,0,5694701,16490477,2097158,2327295,0,6,0,0,0,0,0,0,15.12,48.88
adaptive_cgroup,92,94482,2,stream-read-32g-split16-4k,34482,0,1,0,0,0,5694701,16490477,2097158,2327295,0,6,0,0,0,0,0,0,15.12,48.88
adaptive_cgroup,93,95500,2,stream-read-32g-split16-4k,35500,0,1,0,0,0,5694701,16490477,2097158,2327295,0,6,0,0,0,0,0,0,15.12,48.88
adaptive_cgroup,94,96522,2,stream-read-32g-split16-4k,36522,0,1,0,0,0,5694701,16490477,2097158,2327295,0,6,0,0,0,0,0,0,15.12,48.88
adaptive_cgroup,95,97541,2,stream-read-32g-split16-4k,37541,0,1,0,0,0,5694701,16490477,2097158,2327295,0,6,0,0,0,0,0,0,15.12,48.88
adaptive_cgroup,96,98570,2,stream-read-32g-split16-4k,38570,0,1,0,0,0,5694701,16490477,2097158,2327295,0,6,0,0,0,0,0,0,15.12,48.88
adaptive_cgroup,97,99598,2,stream-read-32g-split16-4k,39598,0,1,0,0,0,5694701,16490477,2097158,2327295,0,6,0,0,0,0,0,0,15.12,48.88
adaptive_cgroup,98,100621,2,stream-read-32g-split16-4k,40621,0,1,0,0,0,5694701,16490477,2097158,2327295,0,6,0,0,0,0,0,0,15.12,48.88
adaptive_cgroup,99,101641,2,stream-read-32g-split16-4k,41641,0,1,0,0,0,5694701,16490477,2097158,2327295,0,6,0,0,0,0,0,0,15.12,48.88
adaptive_cgroup,100,102666,2,stream-read-32g-split16-4k,42666,0,1,0,0,0,5694701,16490477,2097158,2327295,0,6,0,0,0,0,0,0,15.12,48.88
adaptive_cgroup,101,103684,2,stream-read-32g-split16-4k,43684,0,1,0,0,0,5694701,16490477,2097158,2327295,0,6,0,0,0,0,0,0,15.12,48.88
adaptive_cgroup,102,104707,2,stream-read-32g-split16-4k,44707,0,1,0,0,0,5694701,16490477,2097158,2327295,0,6,0,0,0,0,0,0,15.12,48.88
adaptive_cgroup,103,105734,2,stream-read-32g-split16-4k,45734,0,1,0,0,0,5694701,16490477,2097158,2327295,0,6,0,0,0,0,0,0,15.12,48.88
adaptive_cgroup,104,106759,2,stream-read-32g-split16-4k,46759,0,1,0,0,0,5694701,16490477,2097158,2327295,0,6,0,0,0,0,0,0,15.12,48.88
adaptive_cgroup,105,107782,2,stream-read-32g-split16-4k,47782,0,1,0,0,0,5694701,16490477,2097158,2327295,0,6,0,0,0,0,0,0,15.12,48.88
adaptive_cgroup,106,108805,2,stream-read-32g-split16-4k,48805,0,1,0,0,0,5694701,16490477,2097158,2327295,0,6,0,0,0,0,0,0,15.12,48.88
adaptive_cgroup,107,109825,2,stream-read-32g-split16-4k,49825,0,1,0,0,0,5694701,16490477,2097158,2327295,0,6,0,0,0,0,0,0,15.12,48.88
adaptive_cgroup,108,110853,2,stream-read-32g-split16-4k,50853,0,1,0,0,0,5694701,16490477,2097158,2327295,0,6,0,0,0,0,0,0,15.12,48.88
adaptive_cgroup,109,111872,2,stream-read-32g-split16-4k,51872,0,1,0,0,0,5694701,16490477,2097158,2327295,0,6,0,0,0,0,0,0,15.12,48.88
adaptive_cgroup,110,112891,2,stream-read-32g-split16-4k,52891,0,1,0,0,0,5694701,16490477,2097158,2327295,0,6,0,0,0,0,0,0,15.12,48.88
adaptive_cgroup,111,113916,2,stream-read-32g-split16-4k,53916,0,1,0,0,0,5694701,16490477,2097158,2327295,0,6,0,0,0,0,0,0,15.12,48.88
adaptive_cgroup,112,114943,2,stream-read-32g-split16-4k,54943,0,1,0,0,0,5694701,16490477,2097158,2327295,0,6,0,0,0,0,0,0,15.12,48.88
adaptive_cgroup,113,115970,2,stream-read-32g-split16-4k,55970,0,1,0,0,0,5694701,16490477,2097158,2327295,0,6,0,0,0,0,0,0,15.12,48.88
adaptive_cgroup,114,116994,2,stream-read-32g-split16-4k,56994,0,1,0,0,0,5694701,16490477,2097158,2327295,0,6,0,0,0,0,0,0,15.12,48.88
adaptive_cgroup,115,118013,2,stream-read-32g-split16-4k,58013,0,1,0,0,0,5694701,16490477,2097158,2327295,0,6,0,0,0,0,0,0,15.12,48.88
adaptive_cgroup,116,119031,2,stream-read-32g-split16-4k,59031,0,1,0,0,0,5694701,16490477,2097158,2327295,0,6,0,0,0,0,0,0,15.12,48.88
adaptive_cgroup,117,120048,2,stream-read-32g-split16-4k,60048,0,1,0,0,0,5694701,16490477,2097158,2327295,0,6,0,0,0,0,0,0,15.12,47.77
adaptive_cgroup,118,121098,2,stream-read-32g-split16-4k,61098,0,1,0,0,0,5694701,16490477,2097158,2327295,0,6,0,0,0,0,0,0,8.00,41.75
adaptive_cgroup,119,122161,2,stream-read-32g-split16-4k,62161,0,1,0,0,0,5694701,16490477,2097158,2327295,0,6,0,0,0,0,0,0,0.00,33.71
adaptive_cgroup,120,123225,2,stream-read-32g-split16-4k,63225,0,1,0,0,0,5694701,16490477,2097158,2327295,0,6,0,0,0,0,0,0,0.00,3.05
adaptive_cgroup,121,124288,2,stream-read-32g-split16-4k,64288,0,1,0,0,0,5694701,16490477,2097158,2327295,0,6,0,0,0,0,0,0,0.00,0.00
