case,label,policy,period_ms,fast_scan,time_s,mops_s
off,off baseline,off,off,off,1.0,565.444608
off,off baseline,off,off,off,2.0,563.085312
off,off baseline,off,off,off,3.0,564.396032
off,off baseline,off,off,off,4.0,564.658176
off,off baseline,off,off,off,5.0,564.658176
off,off baseline,off,off,off,6.0,563.085312
off,off baseline,off,off,off,7.0,564.92032
off,off baseline,off,off,off,8.0,562.823168
off,off baseline,off,off,off,9.0,564.92032
off,off baseline,off,off,off,10.0,563.085312
off,off baseline,off,off,off,11.0,563.085312
off,off baseline,off,off,off,12.0,562.29888
off,off baseline,off,off,off,13.001,564.8797282717283
off,off baseline,off,off,off,14.0,564.1737737737737
off,off baseline,off,off,off,15.0,561.512448
off,off baseline,off,off,off,16.0,561.774592
off,off baseline,off,off,off,17.0,563.6096
off,off baseline,off,off,off,18.0,565.968896
off,off baseline,off,off,off,19.001,563.8321998001999
off,off baseline,off,off,off,20.0,564.4361801801801
off,off baseline,off,off,off,21.0,563.347456
off,off baseline,off,off,off,22.0,563.6096
off,off baseline,off,off,off,23.0,564.133888
off,off baseline,off,off,off,24.0,564.92032
off,off baseline,off,off,off,25.0,563.347456
off,off baseline,off,off,off,26.0,561.774592
off,off baseline,off,off,off,27.0,564.133888
off,off baseline,off,off,off,28.0,561.774592
off,off baseline,off,off,off,29.0,565.444608
off,off baseline,off,off,off,30.0,565.444608
off,off baseline,off,off,off,31.0,560.98816
off,off baseline,off,off,off,32.0,562.29888
off,off baseline,off,off,off,33.0,564.396032
off,off baseline,off,off,off,34.0,562.823168
off,off baseline,off,off,off,35.0,563.085312
off,off baseline,off,off,off,36.0,561.774592
off,off baseline,off,off,off,37.0,562.036736
off,off baseline,off,off,off,38.001,561.4752607392608
off,off baseline,off,off,off,39.0,564.1737737737737
off,off baseline,off,off,off,40.0,562.036736
off,off baseline,off,off,off,41.0,563.6096
off,off baseline,off,off,off,42.0,562.29888
off,off baseline,off,off,off,43.0,563.347456
off,off baseline,off,off,off,44.001,563.0465534465535
off,off baseline,off,off,off,45.0,563.648960960961
off,off baseline,off,off,off,46.0,563.085312
off,off baseline,off,off,off,47.0,563.347456
off,off baseline,off,off,off,48.0,562.561024
off,off baseline,off,off,off,49.0,564.396032
off,off baseline,off,off,off,50.0,563.6096
off,off baseline,off,off,off,51.0,563.871744
off,off baseline,off,off,off,52.0,561.250304
off,off baseline,off,off,off,53.0,561.774592
off,off baseline,off,off,off,54.006,561.2904333996024
off,off baseline,off,off,off,55.0,562.5283219315895
off,off baseline,off,off,off,56.0,564.396032
off,off baseline,off,off,off,57.0,564.658176
off,off baseline,off,off,off,58.0,564.658176
off,off baseline,off,off,off,59.0,559.67744
off,off baseline,off,off,off,60.0,564.396032
off,off baseline,off,off,off,61.0,562.561024
off,off baseline,off,off,off,62.0,562.823168
off,off baseline,off,off,off,63.0,559.939584
off,off baseline,off,off,off,64.0,564.133888
off,off baseline,off,off,off,65.001,562.5227892107894
off,off baseline,off,off,off,66.0,563.648960960961
off,off baseline,off,off,off,67.0,564.396032
off,off baseline,off,off,off,68.0,561.512448
off,off baseline,off,off,off,69.0,562.823168
off,off baseline,off,off,off,70.0,565.182464
off,off baseline,off,off,off,71.0,559.67744
off,off baseline,off,off,off,72.0,564.396032
off,off baseline,off,off,off,73.0,563.6096
off,off baseline,off,off,off,74.0,560.98816
off,off baseline,off,off,off,75.0,564.658176
off,off baseline,off,off,off,76.001,560.9514965034965
off,off baseline,off,off,off,77.0,564.4361801801801
off,off baseline,off,off,off,78.0,561.250304
off,off baseline,off,off,off,79.0,564.658176
off,off baseline,off,off,off,80.0,563.871744
off,off baseline,off,off,off,81.0,562.036736
off,off baseline,off,off,off,82.0,563.6096
off,off baseline,off,off,off,83.0,560.98816
off,off baseline,off,off,off,84.0,564.133888
off,off baseline,off,off,off,85.0,564.133888
off,off baseline,off,off,off,86.0,562.823168
off,off baseline,off,off,off,87.0,561.774592
off,off baseline,off,off,off,88.0,564.92032
off,off baseline,off,off,off,89.0,564.92032
off,off baseline,off,off,off,90.0,561.512448
off,off baseline,off,off,off,91.001,562.2609070929072
off,off baseline,off,off,off,92.0,563.1241481481482
off,off baseline,off,off,off,93.005,563.1531303482587
off,off baseline,off,off,off,94.0,564.5975798994975
off,off baseline,off,off,off,95.001,566.189138861139
off,off baseline,off,off,off,96.0,562.336928928929
off,off baseline,off,off,off,97.0,564.658176
off,off baseline,off,off,off,98.0,563.347456
off,off baseline,off,off,off,99.0,563.085312
off,off baseline,off,off,off,100.0,564.133888
off,off baseline,off,off,off,101.0,565.968896
off,off baseline,off,off,off,102.0,568.85248
off,off baseline,off,off,off,103.0,570.949632
off,off baseline,off,off,off,104.0,569.901056
off,off baseline,off,off,off,105.0,563.6096
off,off baseline,off,off,off,106.0,562.561024
off,off baseline,off,off,off,107.0,564.133888
off,off baseline,off,off,off,108.0,565.706752
off,off baseline,off,off,off,109.0,564.92032
off,off baseline,off,off,off,110.0,562.036736
off,off baseline,off,off,off,111.0,561.774592
off,off baseline,off,off,off,112.0,562.036736
off,off baseline,off,off,off,113.0,565.444608
off,off baseline,off,off,off,114.0,564.92032
off,off baseline,off,off,off,115.0,564.396032
off,off baseline,off,off,off,116.0,562.036736
off,off baseline,off,off,off,117.0,565.968896
off,off baseline,off,off,off,118.0,564.133888
off,off baseline,off,off,off,119.001,563.5703176823178
off,off baseline,off,off,off,120.0,565.4858058058059
off,off baseline,off,off,off,121.0,562.036736
off,off baseline,off,off,off,122.0,564.396032
off,off baseline,off,off,off,123.0,561.774592
off,off baseline,off,off,off,124.0,564.133888
off,off baseline,off,off,off,125.0,564.133888
off,off baseline,off,off,off,126.0,563.871744
off,off baseline,off,off,off,127.0,560.98816
off,off baseline,off,off,off,128.0,565.182464
off,off baseline,off,off,off,129.0,565.968896
off,off baseline,off,off,off,130.0,567.279616
off,off baseline,off,off,off,131.0,564.133888
off,off baseline,off,off,off,132.0,565.182464
off,off baseline,off,off,off,133.0,565.444608
off,off baseline,off,off,off,134.0,565.968896
off,off baseline,off,off,off,135.0,565.444608
off,off baseline,off,off,off,136.0,562.036736
off,off baseline,off,off,off,137.0,565.968896
off,off baseline,off,off,off,138.0,565.444608
off,off baseline,off,off,off,139.0,565.182464
off,off baseline,off,off,off,140.0,565.182464
off,off baseline,off,off,off,141.0,565.706752
off,off baseline,off,off,off,142.0,563.085312
off,off baseline,off,off,off,143.0,565.182464
off,off baseline,off,off,off,144.0,565.706752
off,off baseline,off,off,off,145.0,563.871744
off,off baseline,off,off,off,146.0,564.92032
off,off baseline,off,off,off,147.0,564.92032
off,off baseline,off,off,off,148.0,564.92032
off,off baseline,off,off,off,149.0,564.658176
off,off baseline,off,off,off,150.0,564.658176
off,off baseline,off,off,off,151.001,562.2609070929072
off,off baseline,off,off,off,152.0,563.9113673673673
off,off baseline,off,off,off,153.0,565.182464
off,off baseline,off,off,off,154.0,563.6096
off,off baseline,off,off,off,155.0,564.133888
off,off baseline,off,off,off,156.0,564.133888
off,off baseline,off,off,off,157.0,564.92032
off,off baseline,off,off,off,158.0,565.182464
off,off baseline,off,off,off,159.0,565.182464
off,off baseline,off,off,off,160.0,563.6096
off,off baseline,off,off,off,161.0,565.182464
off,off baseline,off,off,off,162.0,562.823168
off,off baseline,off,off,off,163.0,563.347456
off,off baseline,off,off,off,164.0,565.444608
off,off baseline,off,off,off,165.0,562.823168
off,off baseline,off,off,off,166.0,562.561024
off,off baseline,off,off,off,167.0,564.658176
off,off baseline,off,off,off,168.001,564.094081918082
off,off baseline,off,off,off,169.0,563.648960960961
off,off baseline,off,off,off,170.0,565.182464
off,off baseline,off,off,off,171.0,561.250304
off,off baseline,off,off,off,172.0,563.871744
off,off baseline,off,off,off,173.0,564.396032
off,off baseline,off,off,off,174.0,563.347456
off,off baseline,off,off,off,175.0,560.201728
off,off baseline,off,off,off,176.0,563.347456
off,off baseline,off,off,off,177.0,561.250304
off,off baseline,off,off,off,178.0,563.347456
off,off baseline,off,off,off,179.0,564.396032
off,off baseline,off,off,off,180.001,563.8321998001999
off,off baseline,off,off,off,181.0,564.4361801801801
off,off baseline,off,off,off,182.0,564.658176
off,off baseline,off,off,off,183.0,563.347456
off,off baseline,off,off,off,184.0,562.561024
off,off baseline,off,off,off,185.0,563.347456
off,off baseline,off,off,off,186.0,562.29888
off,off baseline,off,off,off,187.0,562.561024
off,off baseline,off,off,off,188.0,563.347456
off,off baseline,off,off,off,189.0,563.085312
off,off baseline,off,off,off,190.0,564.658176
off,off baseline,off,off,off,191.0,567.017472
off,off baseline,off,off,off,192.0,569.638912
off,off baseline,off,off,off,193.0,572.522496
off,off baseline,off,off,off,194.0,566.23104
off,off baseline,off,off,off,195.0,563.871744
off,off baseline,off,off,off,196.0,563.347456
off,off baseline,off,off,off,197.0,562.036736
off,off baseline,off,off,off,198.0,564.396032
off,off baseline,off,off,off,199.001,561.4752607392608
off,off baseline,off,off,off,200.0,563.9113673673673
p1000_nofast,1000ms no-fast,on,1000,0,1.0,335.282176
p1000_nofast,1000ms no-fast,on,1000,0,2.0,394.788864
p1000_nofast,1000ms no-fast,on,1000,0,3.0,319.291392
p1000_nofast,1000ms no-fast,on,1000,0,4.0,368.574464
p1000_nofast,1000ms no-fast,on,1000,0,5.001,284.40398001998005
p1000_nofast,1000ms no-fast,on,1000,0,6.0,320.3982222222222
p1000_nofast,1000ms no-fast,on,1000,0,7.0,278.134784
p1000_nofast,1000ms no-fast,on,1000,0,8.0,312.213504
p1000_nofast,1000ms no-fast,on,1000,0,9.0,312.475648
p1000_nofast,1000ms no-fast,on,1000,0,10.0,214.95808
p1000_nofast,1000ms no-fast,on,1000,0,11.001,223.3854465534466
p1000_nofast,1000ms no-fast,on,1000,0,12.0,233.5417017017017
p1000_nofast,1000ms no-fast,on,1000,0,13.0,204.734464
p1000_nofast,1000ms no-fast,on,1000,0,14.0,300.417024
p1000_nofast,1000ms no-fast,on,1000,0,15.0,172.490752
p1000_nofast,1000ms no-fast,on,1000,0,16.0,315.88352
p1000_nofast,1000ms no-fast,on,1000,0,17.0,231.735296
p1000_nofast,1000ms no-fast,on,1000,0,18.001,168.65208391608394
p1000_nofast,1000ms no-fast,on,1000,0,19.0,191.8190830830831
p1000_nofast,1000ms no-fast,on,1000,0,20.0,267.124736
p1000_nofast,1000ms no-fast,on,1000,0,21.0,162.791424
p1000_nofast,1000ms no-fast,on,1000,0,22.0,311.95136
p1000_nofast,1000ms no-fast,on,1000,0,23.0,250.609664
p1000_nofast,1000ms no-fast,on,1000,0,24.0,346.554368
p1000_nofast,1000ms no-fast,on,1000,0,25.001,293.307972027972
p1000_nofast,1000ms no-fast,on,1000,0,26.0,217.2725045045045
p1000_nofast,1000ms no-fast,on,1000,0,27.0,312.737792
p1000_nofast,1000ms no-fast,on,1000,0,28.0,316.407808
p1000_nofast,1000ms no-fast,on,1000,0,29.0,193.724416
p1000_nofast,1000ms no-fast,on,1000,0,30.0,362.545152
p1000_nofast,1000ms no-fast,on,1000,0,31.0,245.366784
p1000_nofast,1000ms no-fast,on,1000,0,32.0,280.231936
p1000_nofast,1000ms no-fast,on,1000,0,33.0,358.350848
p1000_nofast,1000ms no-fast,on,1000,0,34.0,222.298112
p1000_nofast,1000ms no-fast,on,1000,0,35.0,351.010816
p1000_nofast,1000ms no-fast,on,1000,0,36.0,222.298112
p1000_nofast,1000ms no-fast,on,1000,0,37.0,315.621376
p1000_nofast,1000ms no-fast,on,1000,0,38.0,223.870976
p1000_nofast,1000ms no-fast,on,1000,0,39.0,308.281344
p1000_nofast,1000ms no-fast,on,1000,0,40.0,348.127232
p1000_nofast,1000ms no-fast,on,1000,0,41.0,213.64736
p1000_nofast,1000ms no-fast,on,1000,0,42.0,174.32576
p1000_nofast,1000ms no-fast,on,1000,0,43.0,195.559424
p1000_nofast,1000ms no-fast,on,1000,0,44.001,122.03706693306695
p1000_nofast,1000ms no-fast,on,1000,0,45.0,167.4152872872873
p1000_nofast,1000ms no-fast,on,1000,0,46.0,135.528448
p1000_nofast,1000ms no-fast,on,1000,0,47.0,122.159104
p1000_nofast,1000ms no-fast,on,1000,0,48.0,128.712704
p1000_nofast,1000ms no-fast,on,1000,0,49.001,150.32033566433566
p1000_nofast,1000ms no-fast,on,1000,0,50.0,143.01149149149148
p1000_nofast,1000ms no-fast,on,1000,0,51.0,145.48992
p1000_nofast,1000ms no-fast,on,1000,0,52.0,98.041856
p1000_nofast,1000ms no-fast,on,1000,0,53.0,171.442176
p1000_nofast,1000ms no-fast,on,1000,0,54.0,101.711872
p1000_nofast,1000ms no-fast,on,1000,0,55.0,125.82912
p1000_nofast,1000ms no-fast,on,1000,0,56.0,137.887744
p1000_nofast,1000ms no-fast,on,1000,0,57.0,177.471488
p1000_nofast,1000ms no-fast,on,1000,0,58.0,175.63648
p1000_nofast,1000ms no-fast,on,1000,0,59.0,149.159936
p1000_nofast,1000ms no-fast,on,1000,0,60.0,130.285568
p1000_nofast,1000ms no-fast,on,1000,0,61.0,160.694272
p1000_nofast,1000ms no-fast,on,1000,0,62.001,218.67156843156843
p1000_nofast,1000ms no-fast,on,1000,0,63.0,245.8748028028028
p1000_nofast,1000ms no-fast,on,1000,0,64.0,310.64064
p1000_nofast,1000ms no-fast,on,1000,0,65.0,314.5728
p1000_nofast,1000ms no-fast,on,1000,0,66.004,213.84057370517928
p1000_nofast,1000ms no-fast,on,1000,0,67.0,216.3477590361446
p1000_nofast,1000ms no-fast,on,1000,0,68.0,301.989888
p1000_nofast,1000ms no-fast,on,1000,0,69.001,243.02660539460544
p1000_nofast,1000ms no-fast,on,1000,0,70.0,289.17185985985986
p1000_nofast,1000ms no-fast,on,1000,0,71.0,231.735296
p1000_nofast,1000ms no-fast,on,1000,0,72.0,278.134784
p1000_nofast,1000ms no-fast,on,1000,0,73.0,226.492416
p1000_nofast,1000ms no-fast,on,1000,0,74.0,309.067776
p1000_nofast,1000ms no-fast,on,1000,0,75.0,208.928768
p1000_nofast,1000ms no-fast,on,1000,0,76.0,246.153216
p1000_nofast,1000ms no-fast,on,1000,0,77.0,194.772992
p1000_nofast,1000ms no-fast,on,1000,0,78.0,180.617216
p1000_nofast,1000ms no-fast,on,1000,0,79.0,279.707648
p1000_nofast,1000ms no-fast,on,1000,0,80.0,229.638144
p1000_nofast,1000ms no-fast,on,1000,0,81.001,266.3341138861139
p1000_nofast,1000ms no-fast,on,1000,0,82.0,247.18683483483485
p1000_nofast,1000ms no-fast,on,1000,0,83.0,190.0544
p1000_nofast,1000ms no-fast,on,1000,0,84.0,228.06528
p1000_nofast,1000ms no-fast,on,1000,0,85.0,325.582848
p1000_nofast,1000ms no-fast,on,1000,0,86.0,231.99744
p1000_nofast,1000ms no-fast,on,1000,0,87.0,328.466432
p1000_nofast,1000ms no-fast,on,1000,0,88.0,244.318208
p1000_nofast,1000ms no-fast,on,1000,0,89.0,357.302272
p1000_nofast,1000ms no-fast,on,1000,0,90.0,199.22944
p1000_nofast,1000ms no-fast,on,1000,0,91.0,385.613824
p1000_nofast,1000ms no-fast,on,1000,0,92.0,216.2688
p1000_nofast,1000ms no-fast,on,1000,0,93.001,371.0869610389611
p1000_nofast,1000ms no-fast,on,1000,0,94.0,163.4791911911912
p1000_nofast,1000ms no-fast,on,1000,0,95.0,339.738624
p1000_nofast,1000ms no-fast,on,1000,0,96.0,227.016704
p1000_nofast,1000ms no-fast,on,1000,0,97.0,378.535936
p1000_nofast,1000ms no-fast,on,1000,0,98.0,239.337472
p1000_nofast,1000ms no-fast,on,1000,0,99.0,234.881024
p1000_nofast,1000ms no-fast,on,1000,0,100.0,340.262912
p1000_nofast,1000ms no-fast,on,1000,0,101.0,270.532608
p1000_nofast,1000ms no-fast,on,1000,0,102.0,334.2336
p1000_nofast,1000ms no-fast,on,1000,0,103.0,288.882688
p1000_nofast,1000ms no-fast,on,1000,0,104.0,264.241152
p1000_nofast,1000ms no-fast,on,1000,0,105.001,334.16158241758245
p1000_nofast,1000ms no-fast,on,1000,0,106.0,294.9448008008008
p1000_nofast,1000ms no-fast,on,1000,0,107.0,337.117184
p1000_nofast,1000ms no-fast,on,1000,0,108.001,266.59599600399605
p1000_nofast,1000ms no-fast,on,1000,0,109.0,286.2853893893894
p1000_nofast,1000ms no-fast,on,1000,0,110.0,357.040128
p1000_nofast,1000ms no-fast,on,1000,0,111.0,185.860096
p1000_nofast,1000ms no-fast,on,1000,0,112.0,371.720192
p1000_nofast,1000ms no-fast,on,1000,0,113.001,248.00236563436565
p1000_nofast,1000ms no-fast,on,1000,0,114.0,280.250042042042
p1000_nofast,1000ms no-fast,on,1000,0,115.0,242.221056
p1000_nofast,1000ms no-fast,on,1000,0,116.0,289.66912
p1000_nofast,1000ms no-fast,on,1000,0,117.003,202.2925782652044
p1000_nofast,1000ms no-fast,on,1000,0,118.0,166.9623269809428
p1000_nofast,1000ms no-fast,on,1000,0,119.0,136.052736
p1000_nofast,1000ms no-fast,on,1000,0,120.0,179.56864
p1000_nofast,1000ms no-fast,on,1000,0,121.0,162.791424
p1000_nofast,1000ms no-fast,on,1000,0,122.0,169.08288
p1000_nofast,1000ms no-fast,on,1000,0,123.0,188.74368
p1000_nofast,1000ms no-fast,on,1000,0,124.0,161.480704
p1000_nofast,1000ms no-fast,on,1000,0,125.0,145.752064
p1000_nofast,1000ms no-fast,on,1000,0,126.001,162.36691308691312
p1000_nofast,1000ms no-fast,on,1000,0,127.0,174.50026026026026
p1000_nofast,1000ms no-fast,on,1000,0,128.0,246.153216
p1000_nofast,1000ms no-fast,on,1000,0,129.0,347.865088
p1000_nofast,1000ms no-fast,on,1000,0,130.001,280.2138661338662
p1000_nofast,1000ms no-fast,on,1000,0,131.0,305.9658698698699
p1000_nofast,1000ms no-fast,on,1000,0,132.0,278.134784
p1000_nofast,1000ms no-fast,on,1000,0,133.0,311.164928
p1000_nofast,1000ms no-fast,on,1000,0,134.0,330.825728
p1000_nofast,1000ms no-fast,on,1000,0,135.001,180.43677922077924
p1000_nofast,1000ms no-fast,on,1000,0,136.0,329.84485285285285
p1000_nofast,1000ms no-fast,on,1000,0,137.0,374.86592
p1000_nofast,1000ms no-fast,on,1000,0,138.0,229.638144
p1000_nofast,1000ms no-fast,on,1000,0,139.0,402.653184
p1000_nofast,1000ms no-fast,on,1000,0,140.001,246.43107292707293
p1000_nofast,1000ms no-fast,on,1000,0,141.0,316.4621261261261
p1000_nofast,1000ms no-fast,on,1000,0,142.0,349.437952
p1000_nofast,1000ms no-fast,on,1000,0,143.0,334.2336
p1000_nofast,1000ms no-fast,on,1000,0,144.0,316.145664
p1000_nofast,1000ms no-fast,on,1000,0,145.0,195.035136
p1000_nofast,1000ms no-fast,on,1000,0,146.001,197.4591168831169
p1000_nofast,1000ms no-fast,on,1000,0,147.0,330.3696656656657
p1000_nofast,1000ms no-fast,on,1000,0,148.0,342.884352
p1000_nofast,1000ms no-fast,on,1000,0,149.0,197.132288
p1000_nofast,1000ms no-fast,on,1000,0,150.0,338.690048
p1000_nofast,1000ms no-fast,on,1000,0,151.0,215.744512
p1000_nofast,1000ms no-fast,on,1000,0,152.0,250.34752
p1000_nofast,1000ms no-fast,on,1000,0,153.0,339.738624
p1000_nofast,1000ms no-fast,on,1000,0,154.0,230.948864
p1000_nofast,1000ms no-fast,on,1000,0,155.0,341.573632
p1000_nofast,1000ms no-fast,on,1000,0,156.0,333.185024
p1000_nofast,1000ms no-fast,on,1000,0,157.0,250.609664
p1000_nofast,1000ms no-fast,on,1000,0,158.001,418.74950649350654
p1000_nofast,1000ms no-fast,on,1000,0,159.0,191.5566766766767
p1000_nofast,1000ms no-fast,on,1000,0,160.0,359.13728
p1000_nofast,1000ms no-fast,on,1000,0,161.0,316.145664
p1000_nofast,1000ms no-fast,on,1000,0,162.0,392.953856
p1000_nofast,1000ms no-fast,on,1000,0,163.0,273.154048
p1000_nofast,1000ms no-fast,on,1000,0,164.0,391.118848
p1000_nofast,1000ms no-fast,on,1000,0,165.0,190.0544
p1000_nofast,1000ms no-fast,on,1000,0,166.0,349.437952
p1000_nofast,1000ms no-fast,on,1000,0,167.0,325.844992
p1000_nofast,1000ms no-fast,on,1000,0,168.0,298.057728
p1000_nofast,1000ms no-fast,on,1000,0,169.0,356.253696
p1000_nofast,1000ms no-fast,on,1000,0,170.003,282.79143369890335
p1000_nofast,1000ms no-fast,on,1000,0,171.0,334.7134523570712
p1000_nofast,1000ms no-fast,on,1000,0,172.0,334.495744
p1000_nofast,1000ms no-fast,on,1000,0,173.001,295.66491108891114
p1000_nofast,1000ms no-fast,on,1000,0,174.0,370.51784584584584
p1000_nofast,1000ms no-fast,on,1000,0,175.0,249.298944
p1000_nofast,1000ms no-fast,on,1000,0,176.0,365.428736
p1000_nofast,1000ms no-fast,on,1000,0,177.0,285.999104
p1000_nofast,1000ms no-fast,on,1000,0,178.0,324.796416
p1000_nofast,1000ms no-fast,on,1000,0,179.001,377.1102497502498
p1000_nofast,1000ms no-fast,on,1000,0,180.0,283.3989189189189
p1000_nofast,1000ms no-fast,on,1000,0,181.0,258.21184
p1000_nofast,1000ms no-fast,on,1000,0,182.0,364.38016
p1000_nofast,1000ms no-fast,on,1000,0,183.0,356.253696
p1000_nofast,1000ms no-fast,on,1000,0,184.0,281.8048
p1000_nofast,1000ms no-fast,on,1000,0,185.0,291.504128
p1000_nofast,1000ms no-fast,on,1000,0,186.0,209.7152
p1000_nofast,1000ms no-fast,on,1000,0,187.0,221.773824
p1000_nofast,1000ms no-fast,on,1000,0,188.003,194.7131405782652
p1000_nofast,1000ms no-fast,on,1000,0,189.0,205.3505155466399
p1000_nofast,1000ms no-fast,on,1000,0,190.0,198.180864
p1000_nofast,1000ms no-fast,on,1000,0,191.003,192.0995413758724
p1000_nofast,1000ms no-fast,on,1000,0,192.0,209.55744032096288
p1000_nofast,1000ms no-fast,on,1000,0,193.0,195.821568
p1000_nofast,1000ms no-fast,on,1000,0,194.0,189.792256
p1000_nofast,1000ms no-fast,on,1000,0,195.0,205.78304
p1000_nofast,1000ms no-fast,on,1000,0,196.0,204.47232
p1000_nofast,1000ms no-fast,on,1000,0,197.0,198.705152
p1000_nofast,1000ms no-fast,on,1000,0,198.0,187.170816
p1000_nofast,1000ms no-fast,on,1000,0,199.0,207.09376
p1000_nofast,1000ms no-fast,on,1000,0,200.0,197.91872
p500_fast,500ms fast,on,500,1,1.001,395.7038801198801
p500_fast,500ms fast,on,500,1,2.0,233.2792952952953
p500_fast,500ms fast,on,500,1,3.0,295.960576
p500_fast,500ms fast,on,500,1,4.0,246.677504
p500_fast,500ms fast,on,500,1,5.0,353.370112
p500_fast,500ms fast,on,500,1,6.001,383.3954205794206
p500_fast,500ms fast,on,500,1,7.0,284.1861381381381
p500_fast,500ms fast,on,500,1,8.0,275.513344
p500_fast,500ms fast,on,500,1,9.0,328.466432
p500_fast,500ms fast,on,500,1,10.0,253.493248
p500_fast,500ms fast,on,500,1,11.001,380.7765994005994
p500_fast,500ms fast,on,500,1,12.0,308.85234034034033
p500_fast,500ms fast,on,500,1,13.0,296.747008
p500_fast,500ms fast,on,500,1,14.0,309.32992
p500_fast,500ms fast,on,500,1,15.0,138.149888
p500_fast,500ms fast,on,500,1,16.0,147.587072
p500_fast,500ms fast,on,500,1,17.0,154.66496
p500_fast,500ms fast,on,500,1,18.0,335.020032
p500_fast,500ms fast,on,500,1,19.001,285.97527272727274
p500_fast,500ms fast,on,500,1,20.0,390.1983263263263
p500_fast,500ms fast,on,500,1,21.0,247.72608
p500_fast,500ms fast,on,500,1,22.0,285.474816
p500_fast,500ms fast,on,500,1,23.0,285.999104
p500_fast,500ms fast,on,500,1,24.0,340.262912
p500_fast,500ms fast,on,500,1,25.0,330.825728
p500_fast,500ms fast,on,500,1,26.0,327.942144
p500_fast,500ms fast,on,500,1,27.0,225.705984
p500_fast,500ms fast,on,500,1,28.0,305.659904
p500_fast,500ms fast,on,500,1,29.0,205.258752
p500_fast,500ms fast,on,500,1,30.001,322.115004995005
p500_fast,500ms fast,on,500,1,31.0,283.9237317317317
p500_fast,500ms fast,on,500,1,32.0,254.017536
p500_fast,500ms fast,on,500,1,33.0,333.971456
p500_fast,500ms fast,on,500,1,34.0,276.299776
p500_fast,500ms fast,on,500,1,35.0,128.45056
p500_fast,500ms fast,on,500,1,36.001,178.86548651348653
p500_fast,500ms fast,on,500,1,37.0,417.750998998999
p500_fast,500ms fast,on,500,1,38.0,281.542656
p500_fast,500ms fast,on,500,1,39.0,346.816512
p500_fast,500ms fast,on,500,1,40.0,329.515008
p500_fast,500ms fast,on,500,1,41.0,235.9296
p500_fast,500ms fast,on,500,1,42.001,332.59028971028977
p500_fast,500ms fast,on,500,1,43.0,221.471007007007
p500_fast,500ms fast,on,500,1,44.0,362.545152
p500_fast,500ms fast,on,500,1,45.0,319.553536
p500_fast,500ms fast,on,500,1,46.0,227.540992
p500_fast,500ms fast,on,500,1,47.006,361.6857574552684
p500_fast,500ms fast,on,500,1,48.0,310.4059235412475
p500_fast,500ms fast,on,500,1,49.0,347.3408
p500_fast,500ms fast,on,500,1,50.0,389.021696
p500_fast,500ms fast,on,500,1,51.0,243.531776
p500_fast,500ms fast,on,500,1,52.0,380.633088
p500_fast,500ms fast,on,500,1,53.0,215.482368
p500_fast,500ms fast,on,500,1,54.0,305.135616
p500_fast,500ms fast,on,500,1,55.0,322.43712
p500_fast,500ms fast,on,500,1,56.0,223.608832
p500_fast,500ms fast,on,500,1,57.001,317.40112687312694
p500_fast,500ms fast,on,500,1,58.0,171.8761961961962
p500_fast,500ms fast,on,500,1,59.0,174.587904
p500_fast,500ms fast,on,500,1,60.0,170.131456
p500_fast,500ms fast,on,500,1,61.0,141.819904
p500_fast,500ms fast,on,500,1,62.0,169.345024
p500_fast,500ms fast,on,500,1,63.0,255.5904
p500_fast,500ms fast,on,500,1,64.0,138.149888
p500_fast,500ms fast,on,500,1,65.001,295.66491108891114
p500_fast,500ms fast,on,500,1,66.0,187.882986986987
p500_fast,500ms fast,on,500,1,67.0,313.786368
p500_fast,500ms fast,on,500,1,68.0,308.0192
p500_fast,500ms fast,on,500,1,69.0,359.399424
p500_fast,500ms fast,on,500,1,70.0,319.029248
p500_fast,500ms fast,on,500,1,71.0,242.745344
p500_fast,500ms fast,on,500,1,72.0,258.998272
p500_fast,500ms fast,on,500,1,73.0,299.106304
p500_fast,500ms fast,on,500,1,74.0,241.958912
p500_fast,500ms fast,on,500,1,75.002,280.4574530938123
p500_fast,500ms fast,on,500,1,76.0,209.61013226452906
p500_fast,500ms fast,on,500,1,77.0,292.552704
p500_fast,500ms fast,on,500,1,78.0,260.83328
p500_fast,500ms fast,on,500,1,79.0,314.048512
p500_fast,500ms fast,on,500,1,80.0,299.106304
p500_fast,500ms fast,on,500,1,81.0,303.824896
p500_fast,500ms fast,on,500,1,82.006,281.94811928429425
p500_fast,500ms fast,on,500,1,83.0,263.1989054325956
p500_fast,500ms fast,on,500,1,84.0,209.977344
p500_fast,500ms fast,on,500,1,85.0,271.581184
p500_fast,500ms fast,on,500,1,86.0,274.726912
p500_fast,500ms fast,on,500,1,87.0,257.949696
p500_fast,500ms fast,on,500,1,88.0,216.530944
p500_fast,500ms fast,on,500,1,89.0,297.271296
p500_fast,500ms fast,on,500,1,90.0,243.531776
p500_fast,500ms fast,on,500,1,91.0,314.310656
p500_fast,500ms fast,on,500,1,92.0,256.638976
p500_fast,500ms fast,on,500,1,93.0,323.223552
p500_fast,500ms fast,on,500,1,94.0,229.900288
p500_fast,500ms fast,on,500,1,95.0,297.009152
p500_fast,500ms fast,on,500,1,96.0,296.747008
p500_fast,500ms fast,on,500,1,97.0,341.835776
p500_fast,500ms fast,on,500,1,98.0,267.38688
p500_fast,500ms fast,on,500,1,99.0,308.281344
p500_fast,500ms fast,on,500,1,100.0,247.72608
p500_fast,500ms fast,on,500,1,101.001,337.56604995005
p500_fast,500ms fast,on,500,1,102.0,238.52742342342341
p500_fast,500ms fast,on,500,1,103.001,266.59599600399605
p500_fast,500ms fast,on,500,1,104.0,230.1304184184184
p500_fast,500ms fast,on,500,1,105.0,249.823232
p500_fast,500ms fast,on,500,1,106.0,162.004992
p500_fast,500ms fast,on,500,1,107.0,153.878528
p500_fast,500ms fast,on,500,1,108.0,174.850048
p500_fast,500ms fast,on,500,1,109.0,152.04352
p500_fast,500ms fast,on,500,1,110.0,169.607168
p500_fast,500ms fast,on,500,1,111.0,180.617216
p500_fast,500ms fast,on,500,1,112.0,160.694272
p500_fast,500ms fast,on,500,1,113.0,326.36928
p500_fast,500ms fast,on,500,1,114.0,219.676672
p500_fast,500ms fast,on,500,1,115.0,352.58368
p500_fast,500ms fast,on,500,1,116.0,228.327424
p500_fast,500ms fast,on,500,1,117.0,316.407808
p500_fast,500ms fast,on,500,1,118.0,258.998272
p500_fast,500ms fast,on,500,1,119.0,336.85504
p500_fast,500ms fast,on,500,1,120.0,237.764608
p500_fast,500ms fast,on,500,1,121.0,302.514176
p500_fast,500ms fast,on,500,1,122.0,222.298112
p500_fast,500ms fast,on,500,1,123.0,337.641472
p500_fast,500ms fast,on,500,1,124.0,320.339968
p500_fast,500ms fast,on,500,1,125.0,281.542656
p500_fast,500ms fast,on,500,1,126.0,338.427904
p500_fast,500ms fast,on,500,1,127.0,233.832448
p500_fast,500ms fast,on,500,1,128.0,319.029248
p500_fast,500ms fast,on,500,1,129.0,233.046016
p500_fast,500ms fast,on,500,1,130.001,295.1411468531469
p500_fast,500ms fast,on,500,1,131.0,194.96795995995996
p500_fast,500ms fast,on,500,1,132.0,310.902784
p500_fast,500ms fast,on,500,1,133.0,349.700096
p500_fast,500ms fast,on,500,1,134.0,237.24032
p500_fast,500ms fast,on,500,1,135.0,302.252032
p500_fast,500ms fast,on,500,1,136.0,278.921216
p500_fast,500ms fast,on,500,1,137.0,320.864256
p500_fast,500ms fast,on,500,1,138.0,201.064448
p500_fast,500ms fast,on,500,1,139.0,273.678336
p500_fast,500ms fast,on,500,1,140.0,321.912832
p500_fast,500ms fast,on,500,1,141.0,318.242816
p500_fast,500ms fast,on,500,1,142.0,248.512512
p500_fast,500ms fast,on,500,1,143.001,344.113102897103
p500_fast,500ms fast,on,500,1,144.0,224.6198838838839
p500_fast,500ms fast,on,500,1,145.0,334.495744
p500_fast,500ms fast,on,500,1,146.0,332.92288
p500_fast,500ms fast,on,500,1,147.0,356.777984
p500_fast,500ms fast,on,500,1,148.0,331.350016
p500_fast,500ms fast,on,500,1,149.0,281.280512
p500_fast,500ms fast,on,500,1,150.0,332.660736
p500_fast,500ms fast,on,500,1,151.0,257.425408
p500_fast,500ms fast,on,500,1,152.001,346.7319240759241
p500_fast,500ms fast,on,500,1,153.0,324.3343183183183
p500_fast,500ms fast,on,500,1,154.0,342.09792
p500_fast,500ms fast,on,500,1,155.0,250.871808
p500_fast,500ms fast,on,500,1,156.001,267.9054065934066
p500_fast,500ms fast,on,500,1,157.0,311.213997997998
p500_fast,500ms fast,on,500,1,158.0,314.310656
p500_fast,500ms fast,on,500,1,159.0,341.049344
p500_fast,500ms fast,on,500,1,160.004,322.9802071713147
p500_fast,500ms fast,on,500,1,161.003,210.97475075075076
p500_fast,500ms fast,on,500,1,162.0,208.50570912738215
p500_fast,500ms fast,on,500,1,163.0,238.813184
p500_fast,500ms fast,on,500,1,164.001,199.81605594405596
p500_fast,500ms fast,on,500,1,165.0,212.02437637637638
p500_fast,500ms fast,on,500,1,166.0,230.68672
p500_fast,500ms fast,on,500,1,167.0,246.677504
p500_fast,500ms fast,on,500,1,168.0,225.968128
p500_fast,500ms fast,on,500,1,169.0,203.948032
p500_fast,500ms fast,on,500,1,170.0,207.09376
p500_fast,500ms fast,on,500,1,171.001,205.57746253746257
p500_fast,500ms fast,on,500,1,172.0,200.7409009009009
p500_fast,500ms fast,on,500,1,173.0,210.763776
p500_fast,500ms fast,on,500,1,174.0,202.637312
p500_fast,500ms fast,on,500,1,175.001,211.07698701298705
p500_fast,500ms fast,on,500,1,176.0,237.2153913913914
p500_fast,500ms fast,on,500,1,177.0,209.190912
p500_fast,500ms fast,on,500,1,178.0,224.13312
p500_fast,500ms fast,on,500,1,179.0,199.22944
p500_fast,500ms fast,on,500,1,180.0,222.560256
p500_fast,500ms fast,on,500,1,181.0,228.327424
p500_fast,500ms fast,on,500,1,182.001,202.17299500499502
p500_fast,500ms fast,on,500,1,183.0,211.76196996996995
p500_fast,500ms fast,on,500,1,184.0,196.870144
p500_fast,500ms fast,on,500,1,185.0,238.026752
p500_fast,500ms fast,on,500,1,186.001,332.85217182817183
p500_fast,500ms fast,on,500,1,187.0,258.2079039039039
p500_fast,500ms fast,on,500,1,188.0,261.619712
p500_fast,500ms fast,on,500,1,189.0,346.816512
p500_fast,500ms fast,on,500,1,190.0,233.30816
p500_fast,500ms fast,on,500,1,191.001,343.32745654345655
p500_fast,500ms fast,on,500,1,192.0,287.0726086086086
p500_fast,500ms fast,on,500,1,193.0,334.495744
p500_fast,500ms fast,on,500,1,194.0,328.466432
p500_fast,500ms fast,on,500,1,195.0,241.958912
p500_fast,500ms fast,on,500,1,196.0,287.309824
p500_fast,500ms fast,on,500,1,197.0,299.106304
p500_fast,500ms fast,on,500,1,198.0,345.505792
p500_fast,500ms fast,on,500,1,199.0,326.36928
p500_fast,500ms fast,on,500,1,200.0,351.797248
p250_fast,250ms fast,on,250,1,1.002,373.3328223552894
p250_fast,250ms fast,on,250,1,2.0,247.69718637274548
p250_fast,250ms fast,on,250,1,3.002,445.8017724550898
p250_fast,250ms fast,on,250,1,4.0,303.3830861723447
p250_fast,250ms fast,on,250,1,5.0,192.937984
p250_fast,250ms fast,on,250,1,6.0,315.88352
p250_fast,250ms fast,on,250,1,7.001,331.5427612387613
p250_fast,250ms fast,on,250,1,8.0,434.2826026026026
p250_fast,250ms fast,on,250,1,9.001,397.537054945055
p250_fast,250ms fast,on,250,1,10.0,273.6898818818819
p250_fast,250ms fast,on,250,1,11.0,287.309824
p250_fast,250ms fast,on,250,1,12.0,314.048512
p250_fast,250ms fast,on,250,1,13.0,352.321536
p250_fast,250ms fast,on,250,1,14.0,296.484864
p250_fast,250ms fast,on,250,1,15.0,475.267072
p250_fast,250ms fast,on,250,1,16.0,318.50496
p250_fast,250ms fast,on,250,1,17.0,367.788032
p250_fast,250ms fast,on,250,1,18.0,247.463936
p250_fast,250ms fast,on,250,1,19.001,362.1829690309691
p250_fast,250ms fast,on,250,1,20.0,274.4771011011011
p250_fast,250ms fast,on,250,1,21.0,333.709312
p250_fast,250ms fast,on,250,1,22.0,377.749504
p250_fast,250ms fast,on,250,1,23.0,244.056064
p250_fast,250ms fast,on,250,1,24.0,382.468096
p250_fast,250ms fast,on,250,1,25.0,282.329088
p250_fast,250ms fast,on,250,1,26.0,379.060224
p250_fast,250ms fast,on,250,1,27.0,173.801472
p250_fast,250ms fast,on,250,1,28.0,348.127232
p250_fast,250ms fast,on,250,1,29.0,291.241984
p250_fast,250ms fast,on,250,1,30.139,283.31805443371377
p250_fast,250ms fast,on,250,1,31.0,171.10909175377466
p250_fast,250ms fast,on,250,1,32.0,265.027584
p250_fast,250ms fast,on,250,1,33.0,348.913664
p250_fast,250ms fast,on,250,1,34.0,327.68
p250_fast,250ms fast,on,250,1,35.0,325.05856
p250_fast,250ms fast,on,250,1,36.0,316.145664
p250_fast,250ms fast,on,250,1,37.0,257.163264
p250_fast,250ms fast,on,250,1,38.0,313.524224
p250_fast,250ms fast,on,250,1,39.0,290.97984
p250_fast,250ms fast,on,250,1,40.0,322.174976
p250_fast,250ms fast,on,250,1,41.0,195.559424
p250_fast,250ms fast,on,250,1,42.0,279.18336
p250_fast,250ms fast,on,250,1,43.003,227.6444905284148
p250_fast,250ms fast,on,250,1,44.0,345.756629889669
p250_fast,250ms fast,on,250,1,45.001,179.65113286713287
p250_fast,250ms fast,on,250,1,46.0,374.9787547547548
p250_fast,250ms fast,on,250,1,47.0,244.056064
p250_fast,250ms fast,on,250,1,48.0,323.485696
p250_fast,250ms fast,on,250,1,49.0,230.424576
p250_fast,250ms fast,on,250,1,50.0,309.067776
p250_fast,250ms fast,on,250,1,51.0,330.039296
p250_fast,250ms fast,on,250,1,52.0,265.814016
p250_fast,250ms fast,on,250,1,53.0,316.932096
p250_fast,250ms fast,on,250,1,54.0,320.077824
p250_fast,250ms fast,on,250,1,55.0,341.049344
p250_fast,250ms fast,on,250,1,56.0,251.65824
p250_fast,250ms fast,on,250,1,57.0,304.08704
p250_fast,250ms fast,on,250,1,58.267,227.59147592738753
p250_fast,250ms fast,on,250,1,59.0,273.2305811732606
p250_fast,250ms fast,on,250,1,60.0,237.502464
p250_fast,250ms fast,on,250,1,61.0,171.70432
p250_fast,250ms fast,on,250,1,62.0,175.63648
p250_fast,250ms fast,on,250,1,63.0,154.927104
p250_fast,250ms fast,on,250,1,64.0,183.5008
p250_fast,250ms fast,on,250,1,65.0,164.102144
p250_fast,250ms fast,on,250,1,66.0,146.276352
p250_fast,250ms fast,on,250,1,67.0,150.7328
p250_fast,250ms fast,on,250,1,68.001,184.88877522477526
p250_fast,250ms fast,on,250,1,69.0,172.1386026026026
p250_fast,250ms fast,on,250,1,70.0,193.200128
p250_fast,250ms fast,on,250,1,71.0,146.014208
p250_fast,250ms fast,on,250,1,72.0,318.767104
p250_fast,250ms fast,on,250,1,73.0,289.406976
p250_fast,250ms fast,on,250,1,74.0,246.677504
p250_fast,250ms fast,on,250,1,75.0,263.716864
p250_fast,250ms fast,on,250,1,76.0,311.95136
p250_fast,250ms fast,on,250,1,77.0,330.30144
p250_fast,250ms fast,on,250,1,78.0,271.581184
p250_fast,250ms fast,on,250,1,79.0,342.360064
p250_fast,250ms fast,on,250,1,80.0,223.084544
p250_fast,250ms fast,on,250,1,81.0,311.164928
p250_fast,250ms fast,on,250,1,82.0,319.81568
p250_fast,250ms fast,on,250,1,83.0,289.66912
p250_fast,250ms fast,on,250,1,84.001,354.3265054945055
p250_fast,250ms fast,on,250,1,85.0,239.57704904904904
p250_fast,250ms fast,on,250,1,86.0,368.050176
p250_fast,250ms fast,on,250,1,87.0,273.154048
p250_fast,250ms fast,on,250,1,88.0,340.262912
p250_fast,250ms fast,on,250,1,89.0,318.50496
p250_fast,250ms fast,on,250,1,90.0,263.716864
p250_fast,250ms fast,on,250,1,91.0,332.136448
p250_fast,250ms fast,on,250,1,92.0,281.8048
p250_fast,250ms fast,on,250,1,93.0,338.690048
p250_fast,250ms fast,on,250,1,94.0,203.685888
p250_fast,250ms fast,on,250,1,95.0,341.835776
p250_fast,250ms fast,on,250,1,96.0,341.049344
p250_fast,250ms fast,on,250,1,97.0,355.991552
p250_fast,250ms fast,on,250,1,98.0,197.91872
p250_fast,250ms fast,on,250,1,99.0,296.484864
p250_fast,250ms fast,on,250,1,100.0,306.184192
p250_fast,250ms fast,on,250,1,101.001,333.11405394605396
p250_fast,250ms fast,on,250,1,102.0,337.9794514514515
p250_fast,250ms fast,on,250,1,103.0,261.095424
p250_fast,250ms fast,on,250,1,104.0,357.040128
p250_fast,250ms fast,on,250,1,105.0,273.678336
p250_fast,250ms fast,on,250,1,106.0,353.632256
p250_fast,250ms fast,on,250,1,107.0,327.942144
p250_fast,250ms fast,on,250,1,108.0,290.97984
p250_fast,250ms fast,on,250,1,109.0,220.987392
p250_fast,250ms fast,on,250,1,110.001,212.91016183816186
p250_fast,250ms fast,on,250,1,111.0,186.04614214214214
p250_fast,250ms fast,on,250,1,112.0,195.29728
p250_fast,250ms fast,on,250,1,113.0,182.452224
p250_fast,250ms fast,on,250,1,114.0,188.481536
p250_fast,250ms fast,on,250,1,115.001,211.6007512487513
p250_fast,250ms fast,on,250,1,116.001,200.54016
p250_fast,250ms fast,on,250,1,117.0,183.6844844844845
p250_fast,250ms fast,on,250,1,118.0,204.996608
p250_fast,250ms fast,on,250,1,119.0,221.51168
p250_fast,250ms fast,on,250,1,120.0,172.228608
p250_fast,250ms fast,on,250,1,121.0,192.413696
p250_fast,250ms fast,on,250,1,122.0,215.220224
p250_fast,250ms fast,on,250,1,123.0,191.627264
p250_fast,250ms fast,on,250,1,124.0,192.413696
p250_fast,250ms fast,on,250,1,125.0,231.211008
p250_fast,250ms fast,on,250,1,126.0,199.491584
p250_fast,250ms fast,on,250,1,127.0,219.676672
p250_fast,250ms fast,on,250,1,128.0,292.29056
p250_fast,250ms fast,on,250,1,129.001,260.5727072927073
p250_fast,250ms fast,on,250,1,130.0,332.9937297297297
p250_fast,250ms fast,on,250,1,131.0,350.486528
p250_fast,250ms fast,on,250,1,132.0,254.803968
p250_fast,250ms fast,on,250,1,133.0,342.884352
p250_fast,250ms fast,on,250,1,134.0,251.396096
p250_fast,250ms fast,on,250,1,135.0,332.398592
p250_fast,250ms fast,on,250,1,136.0,329.777152
p250_fast,250ms fast,on,250,1,137.0,334.757888
p250_fast,250ms fast,on,250,1,138.0,305.922048
p250_fast,250ms fast,on,250,1,139.0,242.745344
p250_fast,250ms fast,on,250,1,140.0,310.116352
p250_fast,250ms fast,on,250,1,141.0,193.98656
p250_fast,250ms fast,on,250,1,142.0,203.948032
p250_fast,250ms fast,on,250,1,143.0,231.735296
p250_fast,250ms fast,on,250,1,144.0,337.379328
p250_fast,250ms fast,on,250,1,145.0,340.000768
p250_fast,250ms fast,on,250,1,146.0,338.690048
p250_fast,250ms fast,on,250,1,147.0,349.700096
p250_fast,250ms fast,on,250,1,148.001,249.31177622377626
p250_fast,250ms fast,on,250,1,149.0,262.4064064064064
p250_fast,250ms fast,on,250,1,150.001,330.7571148851149
p250_fast,250ms fast,on,250,1,151.0,278.1507907907908
p250_fast,250ms fast,on,250,1,152.0,304.873472
p250_fast,250ms fast,on,250,1,153.001,276.02375224775227
p250_fast,250ms fast,on,250,1,154.0,324.0719119119119
p250_fast,250ms fast,on,250,1,155.0,291.766272
p250_fast,250ms fast,on,250,1,156.0,327.942144
p250_fast,250ms fast,on,250,1,157.0,304.08704
p250_fast,250ms fast,on,250,1,158.0,257.163264
p250_fast,250ms fast,on,250,1,159.0,318.767104
p250_fast,250ms fast,on,250,1,160.0,241.434624
p250_fast,250ms fast,on,250,1,161.0,339.214336
p250_fast,250ms fast,on,250,1,162.0,316.669952
p250_fast,250ms fast,on,250,1,163.0,311.164928
p250_fast,250ms fast,on,250,1,164.0,282.329088
p250_fast,250ms fast,on,250,1,165.004,328.7243984063745
p250_fast,250ms fast,on,250,1,166.0,245.29940562248996
p250_fast,250ms fast,on,250,1,167.0,361.496576
p250_fast,250ms fast,on,250,1,168.0,286.523392
p250_fast,250ms fast,on,250,1,169.0,289.144832
p250_fast,250ms fast,on,250,1,170.0,271.31904
p250_fast,250ms fast,on,250,1,171.0,305.922048
p250_fast,250ms fast,on,250,1,172.0,319.81568
p250_fast,250ms fast,on,250,1,173.0,314.5728
p250_fast,250ms fast,on,250,1,174.0,207.618048
p250_fast,250ms fast,on,250,1,175.001,294.61738261738265
p250_fast,250ms fast,on,250,1,176.0,211.76196996996995
p250_fast,250ms fast,on,250,1,177.0,250.085376
p250_fast,250ms fast,on,250,1,178.0,276.56192
p250_fast,250ms fast,on,250,1,179.0,260.308992
p250_fast,250ms fast,on,250,1,180.001,254.81130069930074
p250_fast,250ms fast,on,250,1,181.0,218.05972372372372
p250_fast,250ms fast,on,250,1,182.0,247.463936
p250_fast,250ms fast,on,250,1,183.0,236.978176
p250_fast,250ms fast,on,250,1,184.0,209.7152
p250_fast,250ms fast,on,250,1,185.0,270.532608
p250_fast,250ms fast,on,250,1,186.0,208.142336
p250_fast,250ms fast,on,250,1,187.0,212.33664
p250_fast,250ms fast,on,250,1,188.0,224.395264
p250_fast,250ms fast,on,250,1,189.0,211.550208
p250_fast,250ms fast,on,250,1,190.001,235.95578821178825
p250_fast,250ms fast,on,250,1,191.0,231.18004404404405
p250_fast,250ms fast,on,250,1,192.001,183.31748251748255
p250_fast,250ms fast,on,250,1,193.0,218.05972372372372
p250_fast,250ms fast,on,250,1,194.0,224.657408
p250_fast,250ms fast,on,250,1,195.0,220.20096
p250_fast,250ms fast,on,250,1,196.0,223.870976
p250_fast,250ms fast,on,250,1,197.0,223.870976
p250_fast,250ms fast,on,250,1,198.0,233.30816
p250_fast,250ms fast,on,250,1,199.0,319.81568
p250_fast,250ms fast,on,250,1,200.0,223.346688
